stock_code,stock_name,status,reason,used_symbol,asof_date,n_obs,ok_factors,skipped_factors,single_ok_factors,single_skipped_factors,single_failed_factors,single_status_map,single_n_obs_map
0005D0,SOL 전고체배터리&실리콘음극재,OK,"ok_factors=5, skipped_factors=0",0005D0.KS,2026-01-12,234,F_GROWTH_US_EQ|F_RATE_US10Y|F_CURR_USDKRW|F_CREDIT_US_IG_OAS|F_COMM_GOLD_KR,,F_GROWTH_US_EQ|F_GROWTH_EXUS_EQ|F_SECTOR_US_CONSUMER_DISCRETIONARY|F_SECTOR_US_INDUSTRIALS|F_SECTOR_US_MATERIALS|F_SECTOR_US_ENERGY|F_SECTOR_US_TECH|F_SECTOR_US_FINANCIALS|F_SECTOR_US_COMMUNICATIONS|F_SECTOR_US_HEALTHCARE|F_SECTOR_US_CONSUMER_STAPLES|F_SECTOR_US_UTILITIES|F_RATE_US10Y|F_RATE_US10Y_REAL|F_CURVE_US_2Y10Y|F_RATE_KR10Y|F_CURR_USDKRW|F_VOL_VIX|F_CREDIT_US_HY_OAS|F_CREDIT_US_IG_OAS|F_INFL_US_BE10Y|F_COMM_OIL_WTI|F_COMM_GOLD_KR,,,F_GROWTH_US_EQ:OK|F_GROWTH_EXUS_EQ:OK|F_SECTOR_US_CONSUMER_DISCRETIONARY:OK|F_SECTOR_US_INDUSTRIALS:OK|F_SECTOR_US_MATERIALS:OK|F_SECTOR_US_ENERGY:OK|F_SECTOR_US_TECH:OK|F_SECTOR_US_FINANCIALS:OK|F_SECTOR_US_COMMUNICATIONS:OK|F_SECTOR_US_HEALTHCARE:OK|F_SECTOR_US_CONSUMER_STAPLES:OK|F_SECTOR_US_UTILITIES:OK|F_RATE_US10Y:OK|F_RATE_US10Y_REAL:OK|F_CURVE_US_2Y10Y:OK|F_RATE_KR10Y:OK|F_CURR_USDKRW:OK|F_VOL_VIX:OK|F_CREDIT_US_HY_OAS:OK|F_CREDIT_US_IG_OAS:OK|F_INFL_US_BE10Y:OK|F_COMM_OIL_WTI:OK|F_COMM_GOLD_KR:OK,F_GROWTH_US_EQ:238|F_GROWTH_EXUS_EQ:238|F_SECTOR_US_CONSUMER_DISCRETIONARY:238|F_SECTOR_US_INDUSTRIALS:238|F_SECTOR_US_MATERIALS:238|F_SECTOR_US_ENERGY:238|F_SECTOR_US_TECH:238|F_SECTOR_US_FINANCIALS:238|F_SECTOR_US_COMMUNICATIONS:238|F_SECTOR_US_HEALTHCARE:238|F_SECTOR_US_CONSUMER_STAPLES:238|F_SECTOR_US_UTILITIES:238|F_RATE_US10Y:236|F_RATE_US10Y_REAL:236|F_CURVE_US_2Y10Y:234|F_RATE_KR10Y:247|F_CURR_USDKRW:246|F_VOL_VIX:245|F_CREDIT_US_HY_OAS:244|F_CREDIT_US_IG_OAS:244|F_INFL_US_BE10Y:237|F_COMM_OIL_WTI:234|F_COMM_GOLD_KR:247
0046A0,TIGER 미국초단기(3개월이하)국채,OK,"ok_factors=5, skipped_factors=0",0046A0.KS,2026-01-12,162,F_GROWTH_US_EQ|F_RATE_US10Y|F_CURR_USDKRW|F_CREDIT_US_IG_OAS|F_COMM_GOLD_KR,,F_GROWTH_US_EQ|F_GROWTH_EXUS_EQ|F_SECTOR_US_CONSUMER_DISCRETIONARY|F_SECTOR_US_INDUSTRIALS|F_SECTOR_US_MATERIALS|F_SECTOR_US_ENERGY|F_SECTOR_US_TECH|F_SECTOR_US_FINANCIALS|F_SECTOR_US_COMMUNICATIONS|F_SECTOR_US_HEALTHCARE|F_SECTOR_US_CONSUMER_STAPLES|F_SECTOR_US_UTILITIES|F_RATE_US10Y|F_RATE_US10Y_REAL|F_CURVE_US_2Y10Y|F_RATE_KR10Y|F_CURR_USDKRW|F_VOL_VIX|F_CREDIT_US_HY_OAS|F_CREDIT_US_IG_OAS|F_INFL_US_BE10Y|F_COMM_OIL_WTI|F_COMM_GOLD_KR,,,F_GROWTH_US_EQ:OK|F_GROWTH_EXUS_EQ:OK|F_SECTOR_US_CONSUMER_DISCRETIONARY:OK|F_SECTOR_US_INDUSTRIALS:OK|F_SECTOR_US_MATERIALS:OK|F_SECTOR_US_ENERGY:OK|F_SECTOR_US_TECH:OK|F_SECTOR_US_FINANCIALS:OK|F_SECTOR_US_COMMUNICATIONS:OK|F_SECTOR_US_HEALTHCARE:OK|F_SECTOR_US_CONSUMER_STAPLES:OK|F_SECTOR_US_UTILITIES:OK|F_RATE_US10Y:OK|F_RATE_US10Y_REAL:OK|F_CURVE_US_2Y10Y:OK|F_RATE_KR10Y:OK|F_CURR_USDKRW:OK|F_VOL_VIX:OK|F_CREDIT_US_HY_OAS:OK|F_CREDIT_US_IG_OAS:OK|F_INFL_US_BE10Y:OK|F_COMM_OIL_WTI:OK|F_COMM_GOLD_KR:OK,F_GROWTH_US_EQ:166|F_GROWTH_EXUS_EQ:166|F_SECTOR_US_CONSUMER_DISCRETIONARY:166|F_SECTOR_US_INDUSTRIALS:166|F_SECTOR_US_MATERIALS:166|F_SECTOR_US_ENERGY:166|F_SECTOR_US_TECH:166|F_SECTOR_US_FINANCIALS:166|F_SECTOR_US_COMMUNICATIONS:166|F_SECTOR_US_HEALTHCARE:166|F_SECTOR_US_CONSUMER_STAPLES:166|F_SECTOR_US_UTILITIES:166|F_RATE_US10Y:163|F_RATE_US10Y_REAL:163|F_CURVE_US_2Y10Y:161|F_RATE_KR10Y:171|F_CURR_USDKRW:170|F_VOL_VIX:170|F_CREDIT_US_HY_OAS:169|F_CREDIT_US_IG_OAS:169|F_INFL_US_BE10Y:164|F_COMM_OIL_WTI:162|F_COMM_GOLD_KR:171
0089C0,KODEX 미국S&P500변동성확대시커버드콜,OK,"ok_factors=5, skipped_factors=0",0089C0.KS,2026-01-12,95,F_GROWTH_US_EQ|F_RATE_US10Y|F_CURR_USDKRW|F_CREDIT_US_IG_OAS|F_COMM_GOLD_KR,,F_GROWTH_US_EQ|F_GROWTH_EXUS_EQ|F_SECTOR_US_CONSUMER_DISCRETIONARY|F_SECTOR_US_INDUSTRIALS|F_SECTOR_US_MATERIALS|F_SECTOR_US_ENERGY|F_SECTOR_US_TECH|F_SECTOR_US_FINANCIALS|F_SECTOR_US_COMMUNICATIONS|F_SECTOR_US_HEALTHCARE|F_SECTOR_US_CONSUMER_STAPLES|F_SECTOR_US_UTILITIES|F_RATE_US10Y|F_RATE_US10Y_REAL|F_CURVE_US_2Y10Y|F_RATE_KR10Y|F_CURR_USDKRW|F_VOL_VIX|F_CREDIT_US_HY_OAS|F_CREDIT_US_IG_OAS|F_INFL_US_BE10Y|F_COMM_OIL_WTI|F_COMM_GOLD_KR,,,F_GROWTH_US_EQ:OK|F_GROWTH_EXUS_EQ:OK|F_SECTOR_US_CONSUMER_DISCRETIONARY:OK|F_SECTOR_US_INDUSTRIALS:OK|F_SECTOR_US_MATERIALS:OK|F_SECTOR_US_ENERGY:OK|F_SECTOR_US_TECH:OK|F_SECTOR_US_FINANCIALS:OK|F_SECTOR_US_COMMUNICATIONS:OK|F_SECTOR_US_HEALTHCARE:OK|F_SECTOR_US_CONSUMER_STAPLES:OK|F_SECTOR_US_UTILITIES:OK|F_RATE_US10Y:OK|F_RATE_US10Y_REAL:OK|F_CURVE_US_2Y10Y:OK|F_RATE_KR10Y:OK|F_CURR_USDKRW:OK|F_VOL_VIX:OK|F_CREDIT_US_HY_OAS:OK|F_CREDIT_US_IG_OAS:OK|F_INFL_US_BE10Y:OK|F_COMM_OIL_WTI:OK|F_COMM_GOLD_KR:OK,F_GROWTH_US_EQ:99|F_GROWTH_EXUS_EQ:99|F_SECTOR_US_CONSUMER_DISCRETIONARY:99|F_SECTOR_US_INDUSTRIALS:99|F_SECTOR_US_MATERIALS:99|F_SECTOR_US_ENERGY:99|F_SECTOR_US_TECH:99|F_SECTOR_US_FINANCIALS:99|F_SECTOR_US_COMMUNICATIONS:99|F_SECTOR_US_HEALTHCARE:99|F_SECTOR_US_CONSUMER_STAPLES:99|F_SECTOR_US_UTILITIES:99|F_RATE_US10Y:96|F_RATE_US10Y_REAL:96|F_CURVE_US_2Y10Y:94|F_RATE_KR10Y:101|F_CURR_USDKRW:100|F_VOL_VIX:100|F_CREDIT_US_HY_OAS:99|F_CREDIT_US_IG_OAS:99|F_INFL_US_BE10Y:97|F_COMM_OIL_WTI:95|F_COMM_GOLD_KR:101
138910,TIGER 유로선물,OK,"ok_factors=5, skipped_factors=0",KRX:138910,2026-01-12,252,F_GROWTH_US_EQ|F_RATE_US10Y|F_CURR_USDKRW|F_CREDIT_US_IG_OAS|F_COMM_GOLD_KR,,F_GROWTH_US_EQ|F_GROWTH_EXUS_EQ|F_SECTOR_US_CONSUMER_DISCRETIONARY|F_SECTOR_US_INDUSTRIALS|F_SECTOR_US_MATERIALS|F_SECTOR_US_ENERGY|F_SECTOR_US_TECH|F_SECTOR_US_FINANCIALS|F_SECTOR_US_COMMUNICATIONS|F_SECTOR_US_HEALTHCARE|F_SECTOR_US_CONSUMER_STAPLES|F_SECTOR_US_UTILITIES|F_RATE_US10Y|F_RATE_US10Y_REAL|F_CURVE_US_2Y10Y|F_RATE_KR10Y|F_CURR_USDKRW|F_VOL_VIX|F_CREDIT_US_HY_OAS|F_CREDIT_US_IG_OAS|F_INFL_US_BE10Y|F_COMM_OIL_WTI|F_COMM_GOLD_KR,,,F_GROWTH_US_EQ:OK|F_GROWTH_EXUS_EQ:OK|F_SECTOR_US_CONSUMER_DISCRETIONARY:OK|F_SECTOR_US_INDUSTRIALS:OK|F_SECTOR_US_MATERIALS:OK|F_SECTOR_US_ENERGY:OK|F_SECTOR_US_TECH:OK|F_SECTOR_US_FINANCIALS:OK|F_SECTOR_US_COMMUNICATIONS:OK|F_SECTOR_US_HEALTHCARE:OK|F_SECTOR_US_CONSUMER_STAPLES:OK|F_SECTOR_US_UTILITIES:OK|F_RATE_US10Y:OK|F_RATE_US10Y_REAL:OK|F_CURVE_US_2Y10Y:OK|F_RATE_KR10Y:OK|F_CURR_USDKRW:OK|F_VOL_VIX:OK|F_CREDIT_US_HY_OAS:OK|F_CREDIT_US_IG_OAS:OK|F_INFL_US_BE10Y:OK|F_COMM_OIL_WTI:OK|F_COMM_GOLD_KR:OK,F_GROWTH_US_EQ:252|F_GROWTH_EXUS_EQ:252|F_SECTOR_US_CONSUMER_DISCRETIONARY:252|F_SECTOR_US_INDUSTRIALS:252|F_SECTOR_US_MATERIALS:252|F_SECTOR_US_ENERGY:252|F_SECTOR_US_TECH:252|F_SECTOR_US_FINANCIALS:252|F_SECTOR_US_COMMUNICATIONS:252|F_SECTOR_US_HEALTHCARE:252|F_SECTOR_US_CONSUMER_STAPLES:252|F_SECTOR_US_UTILITIES:252|F_RATE_US10Y:252|F_RATE_US10Y_REAL:252|F_CURVE_US_2Y10Y:252|F_RATE_KR10Y:252|F_CURR_USDKRW:252|F_VOL_VIX:252|F_CREDIT_US_HY_OAS:252|F_CREDIT_US_IG_OAS:252|F_INFL_US_BE10Y:252|F_COMM_OIL_WTI:252|F_COMM_GOLD_KR:252
182480,TIGER 미국MSCI리츠(합성 H),OK,"ok_factors=5, skipped_factors=0",KRX:182480,2026-01-12,252,F_GROWTH_US_EQ|F_RATE_US10Y|F_CURR_USDKRW|F_CREDIT_US_IG_OAS|F_COMM_GOLD_KR,,F_GROWTH_US_EQ|F_GROWTH_EXUS_EQ|F_SECTOR_US_CONSUMER_DISCRETIONARY|F_SECTOR_US_INDUSTRIALS|F_SECTOR_US_MATERIALS|F_SECTOR_US_ENERGY|F_SECTOR_US_TECH|F_SECTOR_US_FINANCIALS|F_SECTOR_US_COMMUNICATIONS|F_SECTOR_US_HEALTHCARE|F_SECTOR_US_CONSUMER_STAPLES|F_SECTOR_US_UTILITIES|F_RATE_US10Y|F_RATE_US10Y_REAL|F_CURVE_US_2Y10Y|F_RATE_KR10Y|F_CURR_USDKRW|F_VOL_VIX|F_CREDIT_US_HY_OAS|F_CREDIT_US_IG_OAS|F_INFL_US_BE10Y|F_COMM_OIL_WTI|F_COMM_GOLD_KR,,,F_GROWTH_US_EQ:OK|F_GROWTH_EXUS_EQ:OK|F_SECTOR_US_CONSUMER_DISCRETIONARY:OK|F_SECTOR_US_INDUSTRIALS:OK|F_SECTOR_US_MATERIALS:OK|F_SECTOR_US_ENERGY:OK|F_SECTOR_US_TECH:OK|F_SECTOR_US_FINANCIALS:OK|F_SECTOR_US_COMMUNICATIONS:OK|F_SECTOR_US_HEALTHCARE:OK|F_SECTOR_US_CONSUMER_STAPLES:OK|F_SECTOR_US_UTILITIES:OK|F_RATE_US10Y:OK|F_RATE_US10Y_REAL:OK|F_CURVE_US_2Y10Y:OK|F_RATE_KR10Y:OK|F_CURR_USDKRW:OK|F_VOL_VIX:OK|F_CREDIT_US_HY_OAS:OK|F_CREDIT_US_IG_OAS:OK|F_INFL_US_BE10Y:OK|F_COMM_OIL_WTI:OK|F_COMM_GOLD_KR:OK,F_GROWTH_US_EQ:252|F_GROWTH_EXUS_EQ:252|F_SECTOR_US_CONSUMER_DISCRETIONARY:252|F_SECTOR_US_INDUSTRIALS:252|F_SECTOR_US_MATERIALS:252|F_SECTOR_US_ENERGY:252|F_SECTOR_US_TECH:252|F_SECTOR_US_FINANCIALS:252|F_SECTOR_US_COMMUNICATIONS:252|F_SECTOR_US_HEALTHCARE:252|F_SECTOR_US_CONSUMER_STAPLES:252|F_SECTOR_US_UTILITIES:252|F_RATE_US10Y:252|F_RATE_US10Y_REAL:252|F_CURVE_US_2Y10Y:252|F_RATE_KR10Y:252|F_CURR_USDKRW:252|F_VOL_VIX:252|F_CREDIT_US_HY_OAS:252|F_CREDIT_US_IG_OAS:252|F_INFL_US_BE10Y:252|F_COMM_OIL_WTI:252|F_COMM_GOLD_KR:252
200030,KODEX 미국S&P500산업재(합성),OK,"ok_factors=5, skipped_factors=0",KRX:200030,2026-01-12,252,F_GROWTH_US_EQ|F_RATE_US10Y|F_CURR_USDKRW|F_CREDIT_US_IG_OAS|F_COMM_GOLD_KR,,F_GROWTH_US_EQ|F_GROWTH_EXUS_EQ|F_SECTOR_US_CONSUMER_DISCRETIONARY|F_SECTOR_US_INDUSTRIALS|F_SECTOR_US_MATERIALS|F_SECTOR_US_ENERGY|F_SECTOR_US_TECH|F_SECTOR_US_FINANCIALS|F_SECTOR_US_COMMUNICATIONS|F_SECTOR_US_HEALTHCARE|F_SECTOR_US_CONSUMER_STAPLES|F_SECTOR_US_UTILITIES|F_RATE_US10Y|F_RATE_US10Y_REAL|F_CURVE_US_2Y10Y|F_RATE_KR10Y|F_CURR_USDKRW|F_VOL_VIX|F_CREDIT_US_HY_OAS|F_CREDIT_US_IG_OAS|F_INFL_US_BE10Y|F_COMM_OIL_WTI|F_COMM_GOLD_KR,,,F_GROWTH_US_EQ:OK|F_GROWTH_EXUS_EQ:OK|F_SECTOR_US_CONSUMER_DISCRETIONARY:OK|F_SECTOR_US_INDUSTRIALS:OK|F_SECTOR_US_MATERIALS:OK|F_SECTOR_US_ENERGY:OK|F_SECTOR_US_TECH:OK|F_SECTOR_US_FINANCIALS:OK|F_SECTOR_US_COMMUNICATIONS:OK|F_SECTOR_US_HEALTHCARE:OK|F_SECTOR_US_CONSUMER_STAPLES:OK|F_SECTOR_US_UTILITIES:OK|F_RATE_US10Y:OK|F_RATE_US10Y_REAL:OK|F_CURVE_US_2Y10Y:OK|F_RATE_KR10Y:OK|F_CURR_USDKRW:OK|F_VOL_VIX:OK|F_CREDIT_US_HY_OAS:OK|F_CREDIT_US_IG_OAS:OK|F_INFL_US_BE10Y:OK|F_COMM_OIL_WTI:OK|F_COMM_GOLD_KR:OK,F_GROWTH_US_EQ:252|F_GROWTH_EXUS_EQ:252|F_SECTOR_US_CONSUMER_DISCRETIONARY:252|F_SECTOR_US_INDUSTRIALS:252|F_SECTOR_US_MATERIALS:252|F_SECTOR_US_ENERGY:252|F_SECTOR_US_TECH:252|F_SECTOR_US_FINANCIALS:252|F_SECTOR_US_COMMUNICATIONS:252|F_SECTOR_US_HEALTHCARE:252|F_SECTOR_US_CONSUMER_STAPLES:252|F_SECTOR_US_UTILITIES:252|F_RATE_US10Y:252|F_RATE_US10Y_REAL:252|F_CURVE_US_2Y10Y:252|F_RATE_KR10Y:252|F_CURR_USDKRW:252|F_VOL_VIX:252|F_CREDIT_US_HY_OAS:252|F_CREDIT_US_IG_OAS:252|F_INFL_US_BE10Y:252|F_COMM_OIL_WTI:252|F_COMM_GOLD_KR:252
218420,KODEX 미국S&P500에너지(합성),OK,"ok_factors=5, skipped_factors=0",KRX:218420,2026-01-12,252,F_GROWTH_US_EQ|F_RATE_US10Y|F_CURR_USDKRW|F_CREDIT_US_IG_OAS|F_COMM_GOLD_KR,,F_GROWTH_US_EQ|F_GROWTH_EXUS_EQ|F_SECTOR_US_CONSUMER_DISCRETIONARY|F_SECTOR_US_INDUSTRIALS|F_SECTOR_US_MATERIALS|F_SECTOR_US_ENERGY|F_SECTOR_US_TECH|F_SECTOR_US_FINANCIALS|F_SECTOR_US_COMMUNICATIONS|F_SECTOR_US_HEALTHCARE|F_SECTOR_US_CONSUMER_STAPLES|F_SECTOR_US_UTILITIES|F_RATE_US10Y|F_RATE_US10Y_REAL|F_CURVE_US_2Y10Y|F_RATE_KR10Y|F_CURR_USDKRW|F_VOL_VIX|F_CREDIT_US_HY_OAS|F_CREDIT_US_IG_OAS|F_INFL_US_BE10Y|F_COMM_OIL_WTI|F_COMM_GOLD_KR,,,F_GROWTH_US_EQ:OK|F_GROWTH_EXUS_EQ:OK|F_SECTOR_US_CONSUMER_DISCRETIONARY:OK|F_SECTOR_US_INDUSTRIALS:OK|F_SECTOR_US_MATERIALS:OK|F_SECTOR_US_ENERGY:OK|F_SECTOR_US_TECH:OK|F_SECTOR_US_FINANCIALS:OK|F_SECTOR_US_COMMUNICATIONS:OK|F_SECTOR_US_HEALTHCARE:OK|F_SECTOR_US_CONSUMER_STAPLES:OK|F_SECTOR_US_UTILITIES:OK|F_RATE_US10Y:OK|F_RATE_US10Y_REAL:OK|F_CURVE_US_2Y10Y:OK|F_RATE_KR10Y:OK|F_CURR_USDKRW:OK|F_VOL_VIX:OK|F_CREDIT_US_HY_OAS:OK|F_CREDIT_US_IG_OAS:OK|F_INFL_US_BE10Y:OK|F_COMM_OIL_WTI:OK|F_COMM_GOLD_KR:OK,F_GROWTH_US_EQ:252|F_GROWTH_EXUS_EQ:252|F_SECTOR_US_CONSUMER_DISCRETIONARY:252|F_SECTOR_US_INDUSTRIALS:252|F_SECTOR_US_MATERIALS:252|F_SECTOR_US_ENERGY:252|F_SECTOR_US_TECH:252|F_SECTOR_US_FINANCIALS:252|F_SECTOR_US_COMMUNICATIONS:252|F_SECTOR_US_HEALTHCARE:252|F_SECTOR_US_CONSUMER_STAPLES:252|F_SECTOR_US_UTILITIES:252|F_RATE_US10Y:252|F_RATE_US10Y_REAL:252|F_CURVE_US_2Y10Y:252|F_RATE_KR10Y:252|F_CURR_USDKRW:252|F_VOL_VIX:252|F_CREDIT_US_HY_OAS:252|F_CREDIT_US_IG_OAS:252|F_INFL_US_BE10Y:252|F_COMM_OIL_WTI:252|F_COMM_GOLD_KR:252
241180,TIGER 일본니케이225,OK,"ok_factors=5, skipped_factors=0",KRX:241180,2026-01-12,252,F_GROWTH_US_EQ|F_RATE_US10Y|F_CURR_USDKRW|F_CREDIT_US_IG_OAS|F_COMM_GOLD_KR,,F_GROWTH_US_EQ|F_GROWTH_EXUS_EQ|F_SECTOR_US_CONSUMER_DISCRETIONARY|F_SECTOR_US_INDUSTRIALS|F_SECTOR_US_MATERIALS|F_SECTOR_US_ENERGY|F_SECTOR_US_TECH|F_SECTOR_US_FINANCIALS|F_SECTOR_US_COMMUNICATIONS|F_SECTOR_US_HEALTHCARE|F_SECTOR_US_CONSUMER_STAPLES|F_SECTOR_US_UTILITIES|F_RATE_US10Y|F_RATE_US10Y_REAL|F_CURVE_US_2Y10Y|F_RATE_KR10Y|F_CURR_USDKRW|F_VOL_VIX|F_CREDIT_US_HY_OAS|F_CREDIT_US_IG_OAS|F_INFL_US_BE10Y|F_COMM_OIL_WTI|F_COMM_GOLD_KR,,,F_GROWTH_US_EQ:OK|F_GROWTH_EXUS_EQ:OK|F_SECTOR_US_CONSUMER_DISCRETIONARY:OK|F_SECTOR_US_INDUSTRIALS:OK|F_SECTOR_US_MATERIALS:OK|F_SECTOR_US_ENERGY:OK|F_SECTOR_US_TECH:OK|F_SECTOR_US_FINANCIALS:OK|F_SECTOR_US_COMMUNICATIONS:OK|F_SECTOR_US_HEALTHCARE:OK|F_SECTOR_US_CONSUMER_STAPLES:OK|F_SECTOR_US_UTILITIES:OK|F_RATE_US10Y:OK|F_RATE_US10Y_REAL:OK|F_CURVE_US_2Y10Y:OK|F_RATE_KR10Y:OK|F_CURR_USDKRW:OK|F_VOL_VIX:OK|F_CREDIT_US_HY_OAS:OK|F_CREDIT_US_IG_OAS:OK|F_INFL_US_BE10Y:OK|F_COMM_OIL_WTI:OK|F_COMM_GOLD_KR:OK,F_GROWTH_US_EQ:252|F_GROWTH_EXUS_EQ:252|F_SECTOR_US_CONSUMER_DISCRETIONARY:252|F_SECTOR_US_INDUSTRIALS:252|F_SECTOR_US_MATERIALS:252|F_SECTOR_US_ENERGY:252|F_SECTOR_US_TECH:252|F_SECTOR_US_FINANCIALS:252|F_SECTOR_US_COMMUNICATIONS:252|F_SECTOR_US_HEALTHCARE:252|F_SECTOR_US_CONSUMER_STAPLES:252|F_SECTOR_US_UTILITIES:252|F_RATE_US10Y:252|F_RATE_US10Y_REAL:252|F_CURVE_US_2Y10Y:252|F_RATE_KR10Y:252|F_CURR_USDKRW:252|F_VOL_VIX:252|F_CREDIT_US_HY_OAS:252|F_CREDIT_US_IG_OAS:252|F_INFL_US_BE10Y:252|F_COMM_OIL_WTI:252|F_COMM_GOLD_KR:252
245350,TIGER 유로스탁스배당30,OK,"ok_factors=5, skipped_factors=0",KRX:245350,2026-01-12,252,F_GROWTH_US_EQ|F_RATE_US10Y|F_CURR_USDKRW|F_CREDIT_US_IG_OAS|F_COMM_GOLD_KR,,F_GROWTH_US_EQ|F_GROWTH_EXUS_EQ|F_SECTOR_US_CONSUMER_DISCRETIONARY|F_SECTOR_US_INDUSTRIALS|F_SECTOR_US_MATERIALS|F_SECTOR_US_ENERGY|F_SECTOR_US_TECH|F_SECTOR_US_FINANCIALS|F_SECTOR_US_COMMUNICATIONS|F_SECTOR_US_HEALTHCARE|F_SECTOR_US_CONSUMER_STAPLES|F_SECTOR_US_UTILITIES|F_RATE_US10Y|F_RATE_US10Y_REAL|F_CURVE_US_2Y10Y|F_RATE_KR10Y|F_CURR_USDKRW|F_VOL_VIX|F_CREDIT_US_HY_OAS|F_CREDIT_US_IG_OAS|F_INFL_US_BE10Y|F_COMM_OIL_WTI|F_COMM_GOLD_KR,,,F_GROWTH_US_EQ:OK|F_GROWTH_EXUS_EQ:OK|F_SECTOR_US_CONSUMER_DISCRETIONARY:OK|F_SECTOR_US_INDUSTRIALS:OK|F_SECTOR_US_MATERIALS:OK|F_SECTOR_US_ENERGY:OK|F_SECTOR_US_TECH:OK|F_SECTOR_US_FINANCIALS:OK|F_SECTOR_US_COMMUNICATIONS:OK|F_SECTOR_US_HEALTHCARE:OK|F_SECTOR_US_CONSUMER_STAPLES:OK|F_SECTOR_US_UTILITIES:OK|F_RATE_US10Y:OK|F_RATE_US10Y_REAL:OK|F_CURVE_US_2Y10Y:OK|F_RATE_KR10Y:OK|F_CURR_USDKRW:OK|F_VOL_VIX:OK|F_CREDIT_US_HY_OAS:OK|F_CREDIT_US_IG_OAS:OK|F_INFL_US_BE10Y:OK|F_COMM_OIL_WTI:OK|F_COMM_GOLD_KR:OK,F_GROWTH_US_EQ:252|F_GROWTH_EXUS_EQ:252|F_SECTOR_US_CONSUMER_DISCRETIONARY:252|F_SECTOR_US_INDUSTRIALS:252|F_SECTOR_US_MATERIALS:252|F_SECTOR_US_ENERGY:252|F_SECTOR_US_TECH:252|F_SECTOR_US_FINANCIALS:252|F_SECTOR_US_COMMUNICATIONS:252|F_SECTOR_US_HEALTHCARE:252|F_SECTOR_US_CONSUMER_STAPLES:252|F_SECTOR_US_UTILITIES:252|F_RATE_US10Y:252|F_RATE_US10Y_REAL:252|F_CURVE_US_2Y10Y:252|F_RATE_KR10Y:252|F_CURR_USDKRW:252|F_VOL_VIX:252|F_CREDIT_US_HY_OAS:252|F_CREDIT_US_IG_OAS:252|F_INFL_US_BE10Y:252|F_COMM_OIL_WTI:252|F_COMM_GOLD_KR:252
261260,KODEX 미국달러선물인버스2X,OK,"ok_factors=5, skipped_factors=0",KRX:261260,2026-01-12,252,F_GROWTH_US_EQ|F_RATE_US10Y|F_CURR_USDKRW|F_CREDIT_US_IG_OAS|F_COMM_GOLD_KR,,F_GROWTH_US_EQ|F_GROWTH_EXUS_EQ|F_SECTOR_US_CONSUMER_DISCRETIONARY|F_SECTOR_US_INDUSTRIALS|F_SECTOR_US_MATERIALS|F_SECTOR_US_ENERGY|F_SECTOR_US_TECH|F_SECTOR_US_FINANCIALS|F_SECTOR_US_COMMUNICATIONS|F_SECTOR_US_HEALTHCARE|F_SECTOR_US_CONSUMER_STAPLES|F_SECTOR_US_UTILITIES|F_RATE_US10Y|F_RATE_US10Y_REAL|F_CURVE_US_2Y10Y|F_RATE_KR10Y|F_CURR_USDKRW|F_VOL_VIX|F_CREDIT_US_HY_OAS|F_CREDIT_US_IG_OAS|F_INFL_US_BE10Y|F_COMM_OIL_WTI|F_COMM_GOLD_KR,,,F_GROWTH_US_EQ:OK|F_GROWTH_EXUS_EQ:OK|F_SECTOR_US_CONSUMER_DISCRETIONARY:OK|F_SECTOR_US_INDUSTRIALS:OK|F_SECTOR_US_MATERIALS:OK|F_SECTOR_US_ENERGY:OK|F_SECTOR_US_TECH:OK|F_SECTOR_US_FINANCIALS:OK|F_SECTOR_US_COMMUNICATIONS:OK|F_SECTOR_US_HEALTHCARE:OK|F_SECTOR_US_CONSUMER_STAPLES:OK|F_SECTOR_US_UTILITIES:OK|F_RATE_US10Y:OK|F_RATE_US10Y_REAL:OK|F_CURVE_US_2Y10Y:OK|F_RATE_KR10Y:OK|F_CURR_USDKRW:OK|F_VOL_VIX:OK|F_CREDIT_US_HY_OAS:OK|F_CREDIT_US_IG_OAS:OK|F_INFL_US_BE10Y:OK|F_COMM_OIL_WTI:OK|F_COMM_GOLD_KR:OK,F_GROWTH_US_EQ:252|F_GROWTH_EXUS_EQ:252|F_SECTOR_US_CONSUMER_DISCRETIONARY:252|F_SECTOR_US_INDUSTRIALS:252|F_SECTOR_US_MATERIALS:252|F_SECTOR_US_ENERGY:252|F_SECTOR_US_TECH:252|F_SECTOR_US_FINANCIALS:252|F_SECTOR_US_COMMUNICATIONS:252|F_SECTOR_US_HEALTHCARE:252|F_SECTOR_US_CONSUMER_STAPLES:252|F_SECTOR_US_UTILITIES:252|F_RATE_US10Y:252|F_RATE_US10Y_REAL:252|F_CURVE_US_2Y10Y:252|F_RATE_KR10Y:252|F_CURR_USDKRW:252|F_VOL_VIX:252|F_CREDIT_US_HY_OAS:252|F_CREDIT_US_IG_OAS:252|F_INFL_US_BE10Y:252|F_COMM_OIL_WTI:252|F_COMM_GOLD_KR:252
271050,KODEX WTI원유선물인버스(H),OK,"ok_factors=5, skipped_factors=0",KRX:271050,2026-01-12,252,F_GROWTH_US_EQ|F_RATE_US10Y|F_CURR_USDKRW|F_CREDIT_US_IG_OAS|F_COMM_GOLD_KR,,F_GROWTH_US_EQ|F_GROWTH_EXUS_EQ|F_SECTOR_US_CONSUMER_DISCRETIONARY|F_SECTOR_US_INDUSTRIALS|F_SECTOR_US_MATERIALS|F_SECTOR_US_ENERGY|F_SECTOR_US_TECH|F_SECTOR_US_FINANCIALS|F_SECTOR_US_COMMUNICATIONS|F_SECTOR_US_HEALTHCARE|F_SECTOR_US_CONSUMER_STAPLES|F_SECTOR_US_UTILITIES|F_RATE_US10Y|F_RATE_US10Y_REAL|F_CURVE_US_2Y10Y|F_RATE_KR10Y|F_CURR_USDKRW|F_VOL_VIX|F_CREDIT_US_HY_OAS|F_CREDIT_US_IG_OAS|F_INFL_US_BE10Y|F_COMM_OIL_WTI|F_COMM_GOLD_KR,,,F_GROWTH_US_EQ:OK|F_GROWTH_EXUS_EQ:OK|F_SECTOR_US_CONSUMER_DISCRETIONARY:OK|F_SECTOR_US_INDUSTRIALS:OK|F_SECTOR_US_MATERIALS:OK|F_SECTOR_US_ENERGY:OK|F_SECTOR_US_TECH:OK|F_SECTOR_US_FINANCIALS:OK|F_SECTOR_US_COMMUNICATIONS:OK|F_SECTOR_US_HEALTHCARE:OK|F_SECTOR_US_CONSUMER_STAPLES:OK|F_SECTOR_US_UTILITIES:OK|F_RATE_US10Y:OK|F_RATE_US10Y_REAL:OK|F_CURVE_US_2Y10Y:OK|F_RATE_KR10Y:OK|F_CURR_USDKRW:OK|F_VOL_VIX:OK|F_CREDIT_US_HY_OAS:OK|F_CREDIT_US_IG_OAS:OK|F_INFL_US_BE10Y:OK|F_COMM_OIL_WTI:OK|F_COMM_GOLD_KR:OK,F_GROWTH_US_EQ:252|F_GROWTH_EXUS_EQ:252|F_SECTOR_US_CONSUMER_DISCRETIONARY:252|F_SECTOR_US_INDUSTRIALS:252|F_SECTOR_US_MATERIALS:252|F_SECTOR_US_ENERGY:252|F_SECTOR_US_TECH:252|F_SECTOR_US_FINANCIALS:252|F_SECTOR_US_COMMUNICATIONS:252|F_SECTOR_US_HEALTHCARE:252|F_SECTOR_US_CONSUMER_STAPLES:252|F_SECTOR_US_UTILITIES:252|F_RATE_US10Y:252|F_RATE_US10Y_REAL:252|F_CURVE_US_2Y10Y:252|F_RATE_KR10Y:252|F_CURR_USDKRW:252|F_VOL_VIX:252|F_CREDIT_US_HY_OAS:252|F_CREDIT_US_IG_OAS:252|F_INFL_US_BE10Y:252|F_COMM_OIL_WTI:252|F_COMM_GOLD_KR:252
280930,KODEX 미국러셀2000(H),OK,"ok_factors=5, skipped_factors=0",KRX:280930,2026-01-12,252,F_GROWTH_US_EQ|F_RATE_US10Y|F_CURR_USDKRW|F_CREDIT_US_IG_OAS|F_COMM_GOLD_KR,,F_GROWTH_US_EQ|F_GROWTH_EXUS_EQ|F_SECTOR_US_CONSUMER_DISCRETIONARY|F_SECTOR_US_INDUSTRIALS|F_SECTOR_US_MATERIALS|F_SECTOR_US_ENERGY|F_SECTOR_US_TECH|F_SECTOR_US_FINANCIALS|F_SECTOR_US_COMMUNICATIONS|F_SECTOR_US_HEALTHCARE|F_SECTOR_US_CONSUMER_STAPLES|F_SECTOR_US_UTILITIES|F_RATE_US10Y|F_RATE_US10Y_REAL|F_CURVE_US_2Y10Y|F_RATE_KR10Y|F_CURR_USDKRW|F_VOL_VIX|F_CREDIT_US_HY_OAS|F_CREDIT_US_IG_OAS|F_INFL_US_BE10Y|F_COMM_OIL_WTI|F_COMM_GOLD_KR,,,F_GROWTH_US_EQ:OK|F_GROWTH_EXUS_EQ:OK|F_SECTOR_US_CONSUMER_DISCRETIONARY:OK|F_SECTOR_US_INDUSTRIALS:OK|F_SECTOR_US_MATERIALS:OK|F_SECTOR_US_ENERGY:OK|F_SECTOR_US_TECH:OK|F_SECTOR_US_FINANCIALS:OK|F_SECTOR_US_COMMUNICATIONS:OK|F_SECTOR_US_HEALTHCARE:OK|F_SECTOR_US_CONSUMER_STAPLES:OK|F_SECTOR_US_UTILITIES:OK|F_RATE_US10Y:OK|F_RATE_US10Y_REAL:OK|F_CURVE_US_2Y10Y:OK|F_RATE_KR10Y:OK|F_CURR_USDKRW:OK|F_VOL_VIX:OK|F_CREDIT_US_HY_OAS:OK|F_CREDIT_US_IG_OAS:OK|F_INFL_US_BE10Y:OK|F_COMM_OIL_WTI:OK|F_COMM_GOLD_KR:OK,F_GROWTH_US_EQ:252|F_GROWTH_EXUS_EQ:252|F_SECTOR_US_CONSUMER_DISCRETIONARY:252|F_SECTOR_US_INDUSTRIALS:252|F_SECTOR_US_MATERIALS:252|F_SECTOR_US_ENERGY:252|F_SECTOR_US_TECH:252|F_SECTOR_US_FINANCIALS:252|F_SECTOR_US_COMMUNICATIONS:252|F_SECTOR_US_HEALTHCARE:252|F_SECTOR_US_CONSUMER_STAPLES:252|F_SECTOR_US_UTILITIES:252|F_RATE_US10Y:252|F_RATE_US10Y_REAL:252|F_CURVE_US_2Y10Y:252|F_RATE_KR10Y:252|F_CURR_USDKRW:252|F_VOL_VIX:252|F_CREDIT_US_HY_OAS:252|F_CREDIT_US_IG_OAS:252|F_INFL_US_BE10Y:252|F_COMM_OIL_WTI:252|F_COMM_GOLD_KR:252
283580,KODEX 차이나CSI300,OK,"ok_factors=5, skipped_factors=0",KRX:283580,2026-01-12,252,F_GROWTH_US_EQ|F_RATE_US10Y|F_CURR_USDKRW|F_CREDIT_US_IG_OAS|F_COMM_GOLD_KR,,F_GROWTH_US_EQ|F_GROWTH_EXUS_EQ|F_SECTOR_US_CONSUMER_DISCRETIONARY|F_SECTOR_US_INDUSTRIALS|F_SECTOR_US_MATERIALS|F_SECTOR_US_ENERGY|F_SECTOR_US_TECH|F_SECTOR_US_FINANCIALS|F_SECTOR_US_COMMUNICATIONS|F_SECTOR_US_HEALTHCARE|F_SECTOR_US_CONSUMER_STAPLES|F_SECTOR_US_UTILITIES|F_RATE_US10Y|F_RATE_US10Y_REAL|F_CURVE_US_2Y10Y|F_RATE_KR10Y|F_CURR_USDKRW|F_VOL_VIX|F_CREDIT_US_HY_OAS|F_CREDIT_US_IG_OAS|F_INFL_US_BE10Y|F_COMM_OIL_WTI|F_COMM_GOLD_KR,,,F_GROWTH_US_EQ:OK|F_GROWTH_EXUS_EQ:OK|F_SECTOR_US_CONSUMER_DISCRETIONARY:OK|F_SECTOR_US_INDUSTRIALS:OK|F_SECTOR_US_MATERIALS:OK|F_SECTOR_US_ENERGY:OK|F_SECTOR_US_TECH:OK|F_SECTOR_US_FINANCIALS:OK|F_SECTOR_US_COMMUNICATIONS:OK|F_SECTOR_US_HEALTHCARE:OK|F_SECTOR_US_CONSUMER_STAPLES:OK|F_SECTOR_US_UTILITIES:OK|F_RATE_US10Y:OK|F_RATE_US10Y_REAL:OK|F_CURVE_US_2Y10Y:OK|F_RATE_KR10Y:OK|F_CURR_USDKRW:OK|F_VOL_VIX:OK|F_CREDIT_US_HY_OAS:OK|F_CREDIT_US_IG_OAS:OK|F_INFL_US_BE10Y:OK|F_COMM_OIL_WTI:OK|F_COMM_GOLD_KR:OK,F_GROWTH_US_EQ:252|F_GROWTH_EXUS_EQ:252|F_SECTOR_US_CONSUMER_DISCRETIONARY:252|F_SECTOR_US_INDUSTRIALS:252|F_SECTOR_US_MATERIALS:252|F_SECTOR_US_ENERGY:252|F_SECTOR_US_TECH:252|F_SECTOR_US_FINANCIALS:252|F_SECTOR_US_COMMUNICATIONS:252|F_SECTOR_US_HEALTHCARE:252|F_SECTOR_US_CONSUMER_STAPLES:252|F_SECTOR_US_UTILITIES:252|F_RATE_US10Y:252|F_RATE_US10Y_REAL:252|F_CURVE_US_2Y10Y:252|F_RATE_KR10Y:252|F_CURR_USDKRW:252|F_VOL_VIX:252|F_CREDIT_US_HY_OAS:252|F_CREDIT_US_IG_OAS:252|F_INFL_US_BE10Y:252|F_COMM_OIL_WTI:252|F_COMM_GOLD_KR:252
292560,TIGER 일본엔선물,OK,"ok_factors=5, skipped_factors=0",KRX:292560,2026-01-12,252,F_GROWTH_US_EQ|F_RATE_US10Y|F_CURR_USDKRW|F_CREDIT_US_IG_OAS|F_COMM_GOLD_KR,,F_GROWTH_US_EQ|F_GROWTH_EXUS_EQ|F_SECTOR_US_CONSUMER_DISCRETIONARY|F_SECTOR_US_INDUSTRIALS|F_SECTOR_US_MATERIALS|F_SECTOR_US_ENERGY|F_SECTOR_US_TECH|F_SECTOR_US_FINANCIALS|F_SECTOR_US_COMMUNICATIONS|F_SECTOR_US_HEALTHCARE|F_SECTOR_US_CONSUMER_STAPLES|F_SECTOR_US_UTILITIES|F_RATE_US10Y|F_RATE_US10Y_REAL|F_CURVE_US_2Y10Y|F_RATE_KR10Y|F_CURR_USDKRW|F_VOL_VIX|F_CREDIT_US_HY_OAS|F_CREDIT_US_IG_OAS|F_INFL_US_BE10Y|F_COMM_OIL_WTI|F_COMM_GOLD_KR,,,F_GROWTH_US_EQ:OK|F_GROWTH_EXUS_EQ:OK|F_SECTOR_US_CONSUMER_DISCRETIONARY:OK|F_SECTOR_US_INDUSTRIALS:OK|F_SECTOR_US_MATERIALS:OK|F_SECTOR_US_ENERGY:OK|F_SECTOR_US_TECH:OK|F_SECTOR_US_FINANCIALS:OK|F_SECTOR_US_COMMUNICATIONS:OK|F_SECTOR_US_HEALTHCARE:OK|F_SECTOR_US_CONSUMER_STAPLES:OK|F_SECTOR_US_UTILITIES:OK|F_RATE_US10Y:OK|F_RATE_US10Y_REAL:OK|F_CURVE_US_2Y10Y:OK|F_RATE_KR10Y:OK|F_CURR_USDKRW:OK|F_VOL_VIX:OK|F_CREDIT_US_HY_OAS:OK|F_CREDIT_US_IG_OAS:OK|F_INFL_US_BE10Y:OK|F_COMM_OIL_WTI:OK|F_COMM_GOLD_KR:OK,F_GROWTH_US_EQ:252|F_GROWTH_EXUS_EQ:252|F_SECTOR_US_CONSUMER_DISCRETIONARY:252|F_SECTOR_US_INDUSTRIALS:252|F_SECTOR_US_MATERIALS:252|F_SECTOR_US_ENERGY:252|F_SECTOR_US_TECH:252|F_SECTOR_US_FINANCIALS:252|F_SECTOR_US_COMMUNICATIONS:252|F_SECTOR_US_HEALTHCARE:252|F_SECTOR_US_CONSUMER_STAPLES:252|F_SECTOR_US_UTILITIES:252|F_RATE_US10Y:252|F_RATE_US10Y_REAL:252|F_CURVE_US_2Y10Y:252|F_RATE_KR10Y:252|F_CURR_USDKRW:252|F_VOL_VIX:252|F_CREDIT_US_HY_OAS:252|F_CREDIT_US_IG_OAS:252|F_INFL_US_BE10Y:252|F_COMM_OIL_WTI:252|F_COMM_GOLD_KR:252
294400,KIWOOM 200TR,OK,"ok_factors=5, skipped_factors=0",KRX:294400,2026-01-12,252,F_GROWTH_US_EQ|F_RATE_US10Y|F_CURR_USDKRW|F_CREDIT_US_IG_OAS|F_COMM_GOLD_KR,,F_GROWTH_US_EQ|F_GROWTH_EXUS_EQ|F_SECTOR_US_CONSUMER_DISCRETIONARY|F_SECTOR_US_INDUSTRIALS|F_SECTOR_US_MATERIALS|F_SECTOR_US_ENERGY|F_SECTOR_US_TECH|F_SECTOR_US_FINANCIALS|F_SECTOR_US_COMMUNICATIONS|F_SECTOR_US_HEALTHCARE|F_SECTOR_US_CONSUMER_STAPLES|F_SECTOR_US_UTILITIES|F_RATE_US10Y|F_RATE_US10Y_REAL|F_CURVE_US_2Y10Y|F_RATE_KR10Y|F_CURR_USDKRW|F_VOL_VIX|F_CREDIT_US_HY_OAS|F_CREDIT_US_IG_OAS|F_INFL_US_BE10Y|F_COMM_OIL_WTI|F_COMM_GOLD_KR,,,F_GROWTH_US_EQ:OK|F_GROWTH_EXUS_EQ:OK|F_SECTOR_US_CONSUMER_DISCRETIONARY:OK|F_SECTOR_US_INDUSTRIALS:OK|F_SECTOR_US_MATERIALS:OK|F_SECTOR_US_ENERGY:OK|F_SECTOR_US_TECH:OK|F_SECTOR_US_FINANCIALS:OK|F_SECTOR_US_COMMUNICATIONS:OK|F_SECTOR_US_HEALTHCARE:OK|F_SECTOR_US_CONSUMER_STAPLES:OK|F_SECTOR_US_UTILITIES:OK|F_RATE_US10Y:OK|F_RATE_US10Y_REAL:OK|F_CURVE_US_2Y10Y:OK|F_RATE_KR10Y:OK|F_CURR_USDKRW:OK|F_VOL_VIX:OK|F_CREDIT_US_HY_OAS:OK|F_CREDIT_US_IG_OAS:OK|F_INFL_US_BE10Y:OK|F_COMM_OIL_WTI:OK|F_COMM_GOLD_KR:OK,F_GROWTH_US_EQ:252|F_GROWTH_EXUS_EQ:252|F_SECTOR_US_CONSUMER_DISCRETIONARY:252|F_SECTOR_US_INDUSTRIALS:252|F_SECTOR_US_MATERIALS:252|F_SECTOR_US_ENERGY:252|F_SECTOR_US_TECH:252|F_SECTOR_US_FINANCIALS:252|F_SECTOR_US_COMMUNICATIONS:252|F_SECTOR_US_HEALTHCARE:252|F_SECTOR_US_CONSUMER_STAPLES:252|F_SECTOR_US_UTILITIES:252|F_RATE_US10Y:252|F_RATE_US10Y_REAL:252|F_CURVE_US_2Y10Y:252|F_RATE_KR10Y:252|F_CURR_USDKRW:252|F_VOL_VIX:252|F_CREDIT_US_HY_OAS:252|F_CREDIT_US_IG_OAS:252|F_INFL_US_BE10Y:252|F_COMM_OIL_WTI:252|F_COMM_GOLD_KR:252
308620,KODEX 미국10년국채선물,OK,"ok_factors=5, skipped_factors=0",KRX:308620,2026-01-12,252,F_GROWTH_US_EQ|F_RATE_US10Y|F_CURR_USDKRW|F_CREDIT_US_IG_OAS|F_COMM_GOLD_KR,,F_GROWTH_US_EQ|F_GROWTH_EXUS_EQ|F_SECTOR_US_CONSUMER_DISCRETIONARY|F_SECTOR_US_INDUSTRIALS|F_SECTOR_US_MATERIALS|F_SECTOR_US_ENERGY|F_SECTOR_US_TECH|F_SECTOR_US_FINANCIALS|F_SECTOR_US_COMMUNICATIONS|F_SECTOR_US_HEALTHCARE|F_SECTOR_US_CONSUMER_STAPLES|F_SECTOR_US_UTILITIES|F_RATE_US10Y|F_RATE_US10Y_REAL|F_CURVE_US_2Y10Y|F_RATE_KR10Y|F_CURR_USDKRW|F_VOL_VIX|F_CREDIT_US_HY_OAS|F_CREDIT_US_IG_OAS|F_INFL_US_BE10Y|F_COMM_OIL_WTI|F_COMM_GOLD_KR,,,F_GROWTH_US_EQ:OK|F_GROWTH_EXUS_EQ:OK|F_SECTOR_US_CONSUMER_DISCRETIONARY:OK|F_SECTOR_US_INDUSTRIALS:OK|F_SECTOR_US_MATERIALS:OK|F_SECTOR_US_ENERGY:OK|F_SECTOR_US_TECH:OK|F_SECTOR_US_FINANCIALS:OK|F_SECTOR_US_COMMUNICATIONS:OK|F_SECTOR_US_HEALTHCARE:OK|F_SECTOR_US_CONSUMER_STAPLES:OK|F_SECTOR_US_UTILITIES:OK|F_RATE_US10Y:OK|F_RATE_US10Y_REAL:OK|F_CURVE_US_2Y10Y:OK|F_RATE_KR10Y:OK|F_CURR_USDKRW:OK|F_VOL_VIX:OK|F_CREDIT_US_HY_OAS:OK|F_CREDIT_US_IG_OAS:OK|F_INFL_US_BE10Y:OK|F_COMM_OIL_WTI:OK|F_COMM_GOLD_KR:OK,F_GROWTH_US_EQ:252|F_GROWTH_EXUS_EQ:252|F_SECTOR_US_CONSUMER_DISCRETIONARY:252|F_SECTOR_US_INDUSTRIALS:252|F_SECTOR_US_MATERIALS:252|F_SECTOR_US_ENERGY:252|F_SECTOR_US_TECH:252|F_SECTOR_US_FINANCIALS:252|F_SECTOR_US_COMMUNICATIONS:252|F_SECTOR_US_HEALTHCARE:252|F_SECTOR_US_CONSUMER_STAPLES:252|F_SECTOR_US_UTILITIES:252|F_RATE_US10Y:252|F_RATE_US10Y_REAL:252|F_CURVE_US_2Y10Y:252|F_RATE_KR10Y:252|F_CURR_USDKRW:252|F_VOL_VIX:252|F_CREDIT_US_HY_OAS:252|F_CREDIT_US_IG_OAS:252|F_INFL_US_BE10Y:252|F_COMM_OIL_WTI:252|F_COMM_GOLD_KR:252
352560,KODEX 미국부동산리츠(H),OK,"ok_factors=5, skipped_factors=0",KRX:352560,2026-01-12,252,F_GROWTH_US_EQ|F_RATE_US10Y|F_CURR_USDKRW|F_CREDIT_US_IG_OAS|F_COMM_GOLD_KR,,F_GROWTH_US_EQ|F_GROWTH_EXUS_EQ|F_SECTOR_US_CONSUMER_DISCRETIONARY|F_SECTOR_US_INDUSTRIALS|F_SECTOR_US_MATERIALS|F_SECTOR_US_ENERGY|F_SECTOR_US_TECH|F_SECTOR_US_FINANCIALS|F_SECTOR_US_COMMUNICATIONS|F_SECTOR_US_HEALTHCARE|F_SECTOR_US_CONSUMER_STAPLES|F_SECTOR_US_UTILITIES|F_RATE_US10Y|F_RATE_US10Y_REAL|F_CURVE_US_2Y10Y|F_RATE_KR10Y|F_CURR_USDKRW|F_VOL_VIX|F_CREDIT_US_HY_OAS|F_CREDIT_US_IG_OAS|F_INFL_US_BE10Y|F_COMM_OIL_WTI|F_COMM_GOLD_KR,,,F_GROWTH_US_EQ:OK|F_GROWTH_EXUS_EQ:OK|F_SECTOR_US_CONSUMER_DISCRETIONARY:OK|F_SECTOR_US_INDUSTRIALS:OK|F_SECTOR_US_MATERIALS:OK|F_SECTOR_US_ENERGY:OK|F_SECTOR_US_TECH:OK|F_SECTOR_US_FINANCIALS:OK|F_SECTOR_US_COMMUNICATIONS:OK|F_SECTOR_US_HEALTHCARE:OK|F_SECTOR_US_CONSUMER_STAPLES:OK|F_SECTOR_US_UTILITIES:OK|F_RATE_US10Y:OK|F_RATE_US10Y_REAL:OK|F_CURVE_US_2Y10Y:OK|F_RATE_KR10Y:OK|F_CURR_USDKRW:OK|F_VOL_VIX:OK|F_CREDIT_US_HY_OAS:OK|F_CREDIT_US_IG_OAS:OK|F_INFL_US_BE10Y:OK|F_COMM_OIL_WTI:OK|F_COMM_GOLD_KR:OK,F_GROWTH_US_EQ:252|F_GROWTH_EXUS_EQ:252|F_SECTOR_US_CONSUMER_DISCRETIONARY:252|F_SECTOR_US_INDUSTRIALS:252|F_SECTOR_US_MATERIALS:252|F_SECTOR_US_ENERGY:252|F_SECTOR_US_TECH:252|F_SECTOR_US_FINANCIALS:252|F_SECTOR_US_COMMUNICATIONS:252|F_SECTOR_US_HEALTHCARE:252|F_SECTOR_US_CONSUMER_STAPLES:252|F_SECTOR_US_UTILITIES:252|F_RATE_US10Y:252|F_RATE_US10Y_REAL:252|F_CURVE_US_2Y10Y:252|F_RATE_KR10Y:252|F_CURR_USDKRW:252|F_VOL_VIX:252|F_CREDIT_US_HY_OAS:252|F_CREDIT_US_IG_OAS:252|F_INFL_US_BE10Y:252|F_COMM_OIL_WTI:252|F_COMM_GOLD_KR:252
360200,ACE 미국S&P500,OK,"ok_factors=5, skipped_factors=0",KRX:360200,2026-01-12,252,F_GROWTH_US_EQ|F_RATE_US10Y|F_CURR_USDKRW|F_CREDIT_US_IG_OAS|F_COMM_GOLD_KR,,F_GROWTH_US_EQ|F_GROWTH_EXUS_EQ|F_SECTOR_US_CONSUMER_DISCRETIONARY|F_SECTOR_US_INDUSTRIALS|F_SECTOR_US_MATERIALS|F_SECTOR_US_ENERGY|F_SECTOR_US_TECH|F_SECTOR_US_FINANCIALS|F_SECTOR_US_COMMUNICATIONS|F_SECTOR_US_HEALTHCARE|F_SECTOR_US_CONSUMER_STAPLES|F_SECTOR_US_UTILITIES|F_RATE_US10Y|F_RATE_US10Y_REAL|F_CURVE_US_2Y10Y|F_RATE_KR10Y|F_CURR_USDKRW|F_VOL_VIX|F_CREDIT_US_HY_OAS|F_CREDIT_US_IG_OAS|F_INFL_US_BE10Y|F_COMM_OIL_WTI|F_COMM_GOLD_KR,,,F_GROWTH_US_EQ:OK|F_GROWTH_EXUS_EQ:OK|F_SECTOR_US_CONSUMER_DISCRETIONARY:OK|F_SECTOR_US_INDUSTRIALS:OK|F_SECTOR_US_MATERIALS:OK|F_SECTOR_US_ENERGY:OK|F_SECTOR_US_TECH:OK|F_SECTOR_US_FINANCIALS:OK|F_SECTOR_US_COMMUNICATIONS:OK|F_SECTOR_US_HEALTHCARE:OK|F_SECTOR_US_CONSUMER_STAPLES:OK|F_SECTOR_US_UTILITIES:OK|F_RATE_US10Y:OK|F_RATE_US10Y_REAL:OK|F_CURVE_US_2Y10Y:OK|F_RATE_KR10Y:OK|F_CURR_USDKRW:OK|F_VOL_VIX:OK|F_CREDIT_US_HY_OAS:OK|F_CREDIT_US_IG_OAS:OK|F_INFL_US_BE10Y:OK|F_COMM_OIL_WTI:OK|F_COMM_GOLD_KR:OK,F_GROWTH_US_EQ:252|F_GROWTH_EXUS_EQ:252|F_SECTOR_US_CONSUMER_DISCRETIONARY:252|F_SECTOR_US_INDUSTRIALS:252|F_SECTOR_US_MATERIALS:252|F_SECTOR_US_ENERGY:252|F_SECTOR_US_TECH:252|F_SECTOR_US_FINANCIALS:252|F_SECTOR_US_COMMUNICATIONS:252|F_SECTOR_US_HEALTHCARE:252|F_SECTOR_US_CONSUMER_STAPLES:252|F_SECTOR_US_UTILITIES:252|F_RATE_US10Y:252|F_RATE_US10Y_REAL:252|F_CURVE_US_2Y10Y:252|F_RATE_KR10Y:252|F_CURR_USDKRW:252|F_VOL_VIX:252|F_CREDIT_US_HY_OAS:252|F_CREDIT_US_IG_OAS:252|F_INFL_US_BE10Y:252|F_COMM_OIL_WTI:252|F_COMM_GOLD_KR:252
360750,TIGER 미국S&P500,OK,"ok_factors=5, skipped_factors=0",KRX:360750,2026-01-12,252,F_GROWTH_US_EQ|F_RATE_US10Y|F_CURR_USDKRW|F_CREDIT_US_IG_OAS|F_COMM_GOLD_KR,,F_GROWTH_US_EQ|F_GROWTH_EXUS_EQ|F_SECTOR_US_CONSUMER_DISCRETIONARY|F_SECTOR_US_INDUSTRIALS|F_SECTOR_US_MATERIALS|F_SECTOR_US_ENERGY|F_SECTOR_US_TECH|F_SECTOR_US_FINANCIALS|F_SECTOR_US_COMMUNICATIONS|F_SECTOR_US_HEALTHCARE|F_SECTOR_US_CONSUMER_STAPLES|F_SECTOR_US_UTILITIES|F_RATE_US10Y|F_RATE_US10Y_REAL|F_CURVE_US_2Y10Y|F_RATE_KR10Y|F_CURR_USDKRW|F_VOL_VIX|F_CREDIT_US_HY_OAS|F_CREDIT_US_IG_OAS|F_INFL_US_BE10Y|F_COMM_OIL_WTI|F_COMM_GOLD_KR,,,F_GROWTH_US_EQ:OK|F_GROWTH_EXUS_EQ:OK|F_SECTOR_US_CONSUMER_DISCRETIONARY:OK|F_SECTOR_US_INDUSTRIALS:OK|F_SECTOR_US_MATERIALS:OK|F_SECTOR_US_ENERGY:OK|F_SECTOR_US_TECH:OK|F_SECTOR_US_FINANCIALS:OK|F_SECTOR_US_COMMUNICATIONS:OK|F_SECTOR_US_HEALTHCARE:OK|F_SECTOR_US_CONSUMER_STAPLES:OK|F_SECTOR_US_UTILITIES:OK|F_RATE_US10Y:OK|F_RATE_US10Y_REAL:OK|F_CURVE_US_2Y10Y:OK|F_RATE_KR10Y:OK|F_CURR_USDKRW:OK|F_VOL_VIX:OK|F_CREDIT_US_HY_OAS:OK|F_CREDIT_US_IG_OAS:OK|F_INFL_US_BE10Y:OK|F_COMM_OIL_WTI:OK|F_COMM_GOLD_KR:OK,F_GROWTH_US_EQ:252|F_GROWTH_EXUS_EQ:252|F_SECTOR_US_CONSUMER_DISCRETIONARY:252|F_SECTOR_US_INDUSTRIALS:252|F_SECTOR_US_MATERIALS:252|F_SECTOR_US_ENERGY:252|F_SECTOR_US_TECH:252|F_SECTOR_US_FINANCIALS:252|F_SECTOR_US_COMMUNICATIONS:252|F_SECTOR_US_HEALTHCARE:252|F_SECTOR_US_CONSUMER_STAPLES:252|F_SECTOR_US_UTILITIES:252|F_RATE_US10Y:252|F_RATE_US10Y_REAL:252|F_CURVE_US_2Y10Y:252|F_RATE_KR10Y:252|F_CURR_USDKRW:252|F_VOL_VIX:252|F_CREDIT_US_HY_OAS:252|F_CREDIT_US_IG_OAS:252|F_INFL_US_BE10Y:252|F_COMM_OIL_WTI:252|F_COMM_GOLD_KR:252
365780,ACE 국고채10년,OK,"ok_factors=5, skipped_factors=0",KRX:365780,2026-01-12,252,F_GROWTH_US_EQ|F_RATE_US10Y|F_CURR_USDKRW|F_CREDIT_US_IG_OAS|F_COMM_GOLD_KR,,F_GROWTH_US_EQ|F_GROWTH_EXUS_EQ|F_SECTOR_US_CONSUMER_DISCRETIONARY|F_SECTOR_US_INDUSTRIALS|F_SECTOR_US_MATERIALS|F_SECTOR_US_ENERGY|F_SECTOR_US_TECH|F_SECTOR_US_FINANCIALS|F_SECTOR_US_COMMUNICATIONS|F_SECTOR_US_HEALTHCARE|F_SECTOR_US_CONSUMER_STAPLES|F_SECTOR_US_UTILITIES|F_RATE_US10Y|F_RATE_US10Y_REAL|F_CURVE_US_2Y10Y|F_RATE_KR10Y|F_CURR_USDKRW|F_VOL_VIX|F_CREDIT_US_HY_OAS|F_CREDIT_US_IG_OAS|F_INFL_US_BE10Y|F_COMM_OIL_WTI|F_COMM_GOLD_KR,,,F_GROWTH_US_EQ:OK|F_GROWTH_EXUS_EQ:OK|F_SECTOR_US_CONSUMER_DISCRETIONARY:OK|F_SECTOR_US_INDUSTRIALS:OK|F_SECTOR_US_MATERIALS:OK|F_SECTOR_US_ENERGY:OK|F_SECTOR_US_TECH:OK|F_SECTOR_US_FINANCIALS:OK|F_SECTOR_US_COMMUNICATIONS:OK|F_SECTOR_US_HEALTHCARE:OK|F_SECTOR_US_CONSUMER_STAPLES:OK|F_SECTOR_US_UTILITIES:OK|F_RATE_US10Y:OK|F_RATE_US10Y_REAL:OK|F_CURVE_US_2Y10Y:OK|F_RATE_KR10Y:OK|F_CURR_USDKRW:OK|F_VOL_VIX:OK|F_CREDIT_US_HY_OAS:OK|F_CREDIT_US_IG_OAS:OK|F_INFL_US_BE10Y:OK|F_COMM_OIL_WTI:OK|F_COMM_GOLD_KR:OK,F_GROWTH_US_EQ:252|F_GROWTH_EXUS_EQ:252|F_SECTOR_US_CONSUMER_DISCRETIONARY:252|F_SECTOR_US_INDUSTRIALS:252|F_SECTOR_US_MATERIALS:252|F_SECTOR_US_ENERGY:252|F_SECTOR_US_TECH:252|F_SECTOR_US_FINANCIALS:252|F_SECTOR_US_COMMUNICATIONS:252|F_SECTOR_US_HEALTHCARE:252|F_SECTOR_US_CONSUMER_STAPLES:252|F_SECTOR_US_UTILITIES:252|F_RATE_US10Y:252|F_RATE_US10Y_REAL:252|F_CURVE_US_2Y10Y:252|F_RATE_KR10Y:252|F_CURR_USDKRW:252|F_VOL_VIX:252|F_CREDIT_US_HY_OAS:252|F_CREDIT_US_IG_OAS:252|F_INFL_US_BE10Y:252|F_COMM_OIL_WTI:252|F_COMM_GOLD_KR:252
367380,ACE 미국나스닥100,OK,"ok_factors=5, skipped_factors=0",KRX:367380,2026-01-12,252,F_GROWTH_US_EQ|F_RATE_US10Y|F_CURR_USDKRW|F_CREDIT_US_IG_OAS|F_COMM_GOLD_KR,,F_GROWTH_US_EQ|F_GROWTH_EXUS_EQ|F_SECTOR_US_CONSUMER_DISCRETIONARY|F_SECTOR_US_INDUSTRIALS|F_SECTOR_US_MATERIALS|F_SECTOR_US_ENERGY|F_SECTOR_US_TECH|F_SECTOR_US_FINANCIALS|F_SECTOR_US_COMMUNICATIONS|F_SECTOR_US_HEALTHCARE|F_SECTOR_US_CONSUMER_STAPLES|F_SECTOR_US_UTILITIES|F_RATE_US10Y|F_RATE_US10Y_REAL|F_CURVE_US_2Y10Y|F_RATE_KR10Y|F_CURR_USDKRW|F_VOL_VIX|F_CREDIT_US_HY_OAS|F_CREDIT_US_IG_OAS|F_INFL_US_BE10Y|F_COMM_OIL_WTI|F_COMM_GOLD_KR,,,F_GROWTH_US_EQ:OK|F_GROWTH_EXUS_EQ:OK|F_SECTOR_US_CONSUMER_DISCRETIONARY:OK|F_SECTOR_US_INDUSTRIALS:OK|F_SECTOR_US_MATERIALS:OK|F_SECTOR_US_ENERGY:OK|F_SECTOR_US_TECH:OK|F_SECTOR_US_FINANCIALS:OK|F_SECTOR_US_COMMUNICATIONS:OK|F_SECTOR_US_HEALTHCARE:OK|F_SECTOR_US_CONSUMER_STAPLES:OK|F_SECTOR_US_UTILITIES:OK|F_RATE_US10Y:OK|F_RATE_US10Y_REAL:OK|F_CURVE_US_2Y10Y:OK|F_RATE_KR10Y:OK|F_CURR_USDKRW:OK|F_VOL_VIX:OK|F_CREDIT_US_HY_OAS:OK|F_CREDIT_US_IG_OAS:OK|F_INFL_US_BE10Y:OK|F_COMM_OIL_WTI:OK|F_COMM_GOLD_KR:OK,F_GROWTH_US_EQ:252|F_GROWTH_EXUS_EQ:252|F_SECTOR_US_CONSUMER_DISCRETIONARY:252|F_SECTOR_US_INDUSTRIALS:252|F_SECTOR_US_MATERIALS:252|F_SECTOR_US_ENERGY:252|F_SECTOR_US_TECH:252|F_SECTOR_US_FINANCIALS:252|F_SECTOR_US_COMMUNICATIONS:252|F_SECTOR_US_HEALTHCARE:252|F_SECTOR_US_CONSUMER_STAPLES:252|F_SECTOR_US_UTILITIES:252|F_RATE_US10Y:252|F_RATE_US10Y_REAL:252|F_CURVE_US_2Y10Y:252|F_RATE_KR10Y:252|F_CURR_USDKRW:252|F_VOL_VIX:252|F_CREDIT_US_HY_OAS:252|F_CREDIT_US_IG_OAS:252|F_INFL_US_BE10Y:252|F_COMM_OIL_WTI:252|F_COMM_GOLD_KR:252
379790,RISE 유로스탁스50(H),OK,"ok_factors=5, skipped_factors=0",KRX:379790,2026-01-12,252,F_GROWTH_US_EQ|F_RATE_US10Y|F_CURR_USDKRW|F_CREDIT_US_IG_OAS|F_COMM_GOLD_KR,,F_GROWTH_US_EQ|F_GROWTH_EXUS_EQ|F_SECTOR_US_CONSUMER_DISCRETIONARY|F_SECTOR_US_INDUSTRIALS|F_SECTOR_US_MATERIALS|F_SECTOR_US_ENERGY|F_SECTOR_US_TECH|F_SECTOR_US_FINANCIALS|F_SECTOR_US_COMMUNICATIONS|F_SECTOR_US_HEALTHCARE|F_SECTOR_US_CONSUMER_STAPLES|F_SECTOR_US_UTILITIES|F_RATE_US10Y|F_RATE_US10Y_REAL|F_CURVE_US_2Y10Y|F_RATE_KR10Y|F_CURR_USDKRW|F_VOL_VIX|F_CREDIT_US_HY_OAS|F_CREDIT_US_IG_OAS|F_INFL_US_BE10Y|F_COMM_OIL_WTI|F_COMM_GOLD_KR,,,F_GROWTH_US_EQ:OK|F_GROWTH_EXUS_EQ:OK|F_SECTOR_US_CONSUMER_DISCRETIONARY:OK|F_SECTOR_US_INDUSTRIALS:OK|F_SECTOR_US_MATERIALS:OK|F_SECTOR_US_ENERGY:OK|F_SECTOR_US_TECH:OK|F_SECTOR_US_FINANCIALS:OK|F_SECTOR_US_COMMUNICATIONS:OK|F_SECTOR_US_HEALTHCARE:OK|F_SECTOR_US_CONSUMER_STAPLES:OK|F_SECTOR_US_UTILITIES:OK|F_RATE_US10Y:OK|F_RATE_US10Y_REAL:OK|F_CURVE_US_2Y10Y:OK|F_RATE_KR10Y:OK|F_CURR_USDKRW:OK|F_VOL_VIX:OK|F_CREDIT_US_HY_OAS:OK|F_CREDIT_US_IG_OAS:OK|F_INFL_US_BE10Y:OK|F_COMM_OIL_WTI:OK|F_COMM_GOLD_KR:OK,F_GROWTH_US_EQ:252|F_GROWTH_EXUS_EQ:252|F_SECTOR_US_CONSUMER_DISCRETIONARY:252|F_SECTOR_US_INDUSTRIALS:252|F_SECTOR_US_MATERIALS:252|F_SECTOR_US_ENERGY:252|F_SECTOR_US_TECH:252|F_SECTOR_US_FINANCIALS:252|F_SECTOR_US_COMMUNICATIONS:252|F_SECTOR_US_HEALTHCARE:252|F_SECTOR_US_CONSUMER_STAPLES:252|F_SECTOR_US_UTILITIES:252|F_RATE_US10Y:252|F_RATE_US10Y_REAL:252|F_CURVE_US_2Y10Y:252|F_RATE_KR10Y:252|F_CURR_USDKRW:252|F_VOL_VIX:252|F_CREDIT_US_HY_OAS:252|F_CREDIT_US_IG_OAS:252|F_INFL_US_BE10Y:252|F_COMM_OIL_WTI:252|F_COMM_GOLD_KR:252
385560,RISE KIS국고채30년Enhanced,OK,"ok_factors=5, skipped_factors=0",KRX:385560,2026-01-12,252,F_GROWTH_US_EQ|F_RATE_US10Y|F_CURR_USDKRW|F_CREDIT_US_IG_OAS|F_COMM_GOLD_KR,,F_GROWTH_US_EQ|F_GROWTH_EXUS_EQ|F_SECTOR_US_CONSUMER_DISCRETIONARY|F_SECTOR_US_INDUSTRIALS|F_SECTOR_US_MATERIALS|F_SECTOR_US_ENERGY|F_SECTOR_US_TECH|F_SECTOR_US_FINANCIALS|F_SECTOR_US_COMMUNICATIONS|F_SECTOR_US_HEALTHCARE|F_SECTOR_US_CONSUMER_STAPLES|F_SECTOR_US_UTILITIES|F_RATE_US10Y|F_RATE_US10Y_REAL|F_CURVE_US_2Y10Y|F_RATE_KR10Y|F_CURR_USDKRW|F_VOL_VIX|F_CREDIT_US_HY_OAS|F_CREDIT_US_IG_OAS|F_INFL_US_BE10Y|F_COMM_OIL_WTI|F_COMM_GOLD_KR,,,F_GROWTH_US_EQ:OK|F_GROWTH_EXUS_EQ:OK|F_SECTOR_US_CONSUMER_DISCRETIONARY:OK|F_SECTOR_US_INDUSTRIALS:OK|F_SECTOR_US_MATERIALS:OK|F_SECTOR_US_ENERGY:OK|F_SECTOR_US_TECH:OK|F_SECTOR_US_FINANCIALS:OK|F_SECTOR_US_COMMUNICATIONS:OK|F_SECTOR_US_HEALTHCARE:OK|F_SECTOR_US_CONSUMER_STAPLES:OK|F_SECTOR_US_UTILITIES:OK|F_RATE_US10Y:OK|F_RATE_US10Y_REAL:OK|F_CURVE_US_2Y10Y:OK|F_RATE_KR10Y:OK|F_CURR_USDKRW:OK|F_VOL_VIX:OK|F_CREDIT_US_HY_OAS:OK|F_CREDIT_US_IG_OAS:OK|F_INFL_US_BE10Y:OK|F_COMM_OIL_WTI:OK|F_COMM_GOLD_KR:OK,F_GROWTH_US_EQ:252|F_GROWTH_EXUS_EQ:252|F_SECTOR_US_CONSUMER_DISCRETIONARY:252|F_SECTOR_US_INDUSTRIALS:252|F_SECTOR_US_MATERIALS:252|F_SECTOR_US_ENERGY:252|F_SECTOR_US_TECH:252|F_SECTOR_US_FINANCIALS:252|F_SECTOR_US_COMMUNICATIONS:252|F_SECTOR_US_HEALTHCARE:252|F_SECTOR_US_CONSUMER_STAPLES:252|F_SECTOR_US_UTILITIES:252|F_RATE_US10Y:252|F_RATE_US10Y_REAL:252|F_CURVE_US_2Y10Y:252|F_RATE_KR10Y:252|F_CURR_USDKRW:252|F_VOL_VIX:252|F_CREDIT_US_HY_OAS:252|F_CREDIT_US_IG_OAS:252|F_INFL_US_BE10Y:252|F_COMM_OIL_WTI:252|F_COMM_GOLD_KR:252
411060,ACE KRX금현물,OK,"ok_factors=5, skipped_factors=0",KRX:411060,2026-01-12,252,F_GROWTH_US_EQ|F_RATE_US10Y|F_CURR_USDKRW|F_CREDIT_US_IG_OAS|F_COMM_GOLD_KR,,F_GROWTH_US_EQ|F_GROWTH_EXUS_EQ|F_SECTOR_US_CONSUMER_DISCRETIONARY|F_SECTOR_US_INDUSTRIALS|F_SECTOR_US_MATERIALS|F_SECTOR_US_ENERGY|F_SECTOR_US_TECH|F_SECTOR_US_FINANCIALS|F_SECTOR_US_COMMUNICATIONS|F_SECTOR_US_HEALTHCARE|F_SECTOR_US_CONSUMER_STAPLES|F_SECTOR_US_UTILITIES|F_RATE_US10Y|F_RATE_US10Y_REAL|F_CURVE_US_2Y10Y|F_RATE_KR10Y|F_CURR_USDKRW|F_VOL_VIX|F_CREDIT_US_HY_OAS|F_CREDIT_US_IG_OAS|F_INFL_US_BE10Y|F_COMM_OIL_WTI|F_COMM_GOLD_KR,,,F_GROWTH_US_EQ:OK|F_GROWTH_EXUS_EQ:OK|F_SECTOR_US_CONSUMER_DISCRETIONARY:OK|F_SECTOR_US_INDUSTRIALS:OK|F_SECTOR_US_MATERIALS:OK|F_SECTOR_US_ENERGY:OK|F_SECTOR_US_TECH:OK|F_SECTOR_US_FINANCIALS:OK|F_SECTOR_US_COMMUNICATIONS:OK|F_SECTOR_US_HEALTHCARE:OK|F_SECTOR_US_CONSUMER_STAPLES:OK|F_SECTOR_US_UTILITIES:OK|F_RATE_US10Y:OK|F_RATE_US10Y_REAL:OK|F_CURVE_US_2Y10Y:OK|F_RATE_KR10Y:OK|F_CURR_USDKRW:OK|F_VOL_VIX:OK|F_CREDIT_US_HY_OAS:OK|F_CREDIT_US_IG_OAS:OK|F_INFL_US_BE10Y:OK|F_COMM_OIL_WTI:OK|F_COMM_GOLD_KR:OK,F_GROWTH_US_EQ:252|F_GROWTH_EXUS_EQ:252|F_SECTOR_US_CONSUMER_DISCRETIONARY:252|F_SECTOR_US_INDUSTRIALS:252|F_SECTOR_US_MATERIALS:252|F_SECTOR_US_ENERGY:252|F_SECTOR_US_TECH:252|F_SECTOR_US_FINANCIALS:252|F_SECTOR_US_COMMUNICATIONS:252|F_SECTOR_US_HEALTHCARE:252|F_SECTOR_US_CONSUMER_STAPLES:252|F_SECTOR_US_UTILITIES:252|F_RATE_US10Y:252|F_RATE_US10Y_REAL:252|F_CURVE_US_2Y10Y:252|F_RATE_KR10Y:252|F_CURR_USDKRW:252|F_VOL_VIX:252|F_CREDIT_US_HY_OAS:252|F_CREDIT_US_IG_OAS:252|F_INFL_US_BE10Y:252|F_COMM_OIL_WTI:252|F_COMM_GOLD_KR:252
446720,SOL 미국배당다우존스,OK,"ok_factors=5, skipped_factors=0",KRX:446720,2026-01-12,252,F_GROWTH_US_EQ|F_RATE_US10Y|F_CURR_USDKRW|F_CREDIT_US_IG_OAS|F_COMM_GOLD_KR,,F_GROWTH_US_EQ|F_GROWTH_EXUS_EQ|F_SECTOR_US_CONSUMER_DISCRETIONARY|F_SECTOR_US_INDUSTRIALS|F_SECTOR_US_MATERIALS|F_SECTOR_US_ENERGY|F_SECTOR_US_TECH|F_SECTOR_US_FINANCIALS|F_SECTOR_US_COMMUNICATIONS|F_SECTOR_US_HEALTHCARE|F_SECTOR_US_CONSUMER_STAPLES|F_SECTOR_US_UTILITIES|F_RATE_US10Y|F_RATE_US10Y_REAL|F_CURVE_US_2Y10Y|F_RATE_KR10Y|F_CURR_USDKRW|F_VOL_VIX|F_CREDIT_US_HY_OAS|F_CREDIT_US_IG_OAS|F_INFL_US_BE10Y|F_COMM_OIL_WTI|F_COMM_GOLD_KR,,,F_GROWTH_US_EQ:OK|F_GROWTH_EXUS_EQ:OK|F_SECTOR_US_CONSUMER_DISCRETIONARY:OK|F_SECTOR_US_INDUSTRIALS:OK|F_SECTOR_US_MATERIALS:OK|F_SECTOR_US_ENERGY:OK|F_SECTOR_US_TECH:OK|F_SECTOR_US_FINANCIALS:OK|F_SECTOR_US_COMMUNICATIONS:OK|F_SECTOR_US_HEALTHCARE:OK|F_SECTOR_US_CONSUMER_STAPLES:OK|F_SECTOR_US_UTILITIES:OK|F_RATE_US10Y:OK|F_RATE_US10Y_REAL:OK|F_CURVE_US_2Y10Y:OK|F_RATE_KR10Y:OK|F_CURR_USDKRW:OK|F_VOL_VIX:OK|F_CREDIT_US_HY_OAS:OK|F_CREDIT_US_IG_OAS:OK|F_INFL_US_BE10Y:OK|F_COMM_OIL_WTI:OK|F_COMM_GOLD_KR:OK,F_GROWTH_US_EQ:252|F_GROWTH_EXUS_EQ:252|F_SECTOR_US_CONSUMER_DISCRETIONARY:252|F_SECTOR_US_INDUSTRIALS:252|F_SECTOR_US_MATERIALS:252|F_SECTOR_US_ENERGY:252|F_SECTOR_US_TECH:252|F_SECTOR_US_FINANCIALS:252|F_SECTOR_US_COMMUNICATIONS:252|F_SECTOR_US_HEALTHCARE:252|F_SECTOR_US_CONSUMER_STAPLES:252|F_SECTOR_US_UTILITIES:252|F_RATE_US10Y:252|F_RATE_US10Y_REAL:252|F_CURVE_US_2Y10Y:252|F_RATE_KR10Y:252|F_CURR_USDKRW:252|F_VOL_VIX:252|F_CREDIT_US_HY_OAS:252|F_CREDIT_US_IG_OAS:252|F_INFL_US_BE10Y:252|F_COMM_OIL_WTI:252|F_COMM_GOLD_KR:252
448300,TIGER 미국나스닥100(H),OK,"ok_factors=5, skipped_factors=0",KRX:448300,2026-01-12,252,F_GROWTH_US_EQ|F_RATE_US10Y|F_CURR_USDKRW|F_CREDIT_US_IG_OAS|F_COMM_GOLD_KR,,F_GROWTH_US_EQ|F_GROWTH_EXUS_EQ|F_SECTOR_US_CONSUMER_DISCRETIONARY|F_SECTOR_US_INDUSTRIALS|F_SECTOR_US_MATERIALS|F_SECTOR_US_ENERGY|F_SECTOR_US_TECH|F_SECTOR_US_FINANCIALS|F_SECTOR_US_COMMUNICATIONS|F_SECTOR_US_HEALTHCARE|F_SECTOR_US_CONSUMER_STAPLES|F_SECTOR_US_UTILITIES|F_RATE_US10Y|F_RATE_US10Y_REAL|F_CURVE_US_2Y10Y|F_RATE_KR10Y|F_CURR_USDKRW|F_VOL_VIX|F_CREDIT_US_HY_OAS|F_CREDIT_US_IG_OAS|F_INFL_US_BE10Y|F_COMM_OIL_WTI|F_COMM_GOLD_KR,,,F_GROWTH_US_EQ:OK|F_GROWTH_EXUS_EQ:OK|F_SECTOR_US_CONSUMER_DISCRETIONARY:OK|F_SECTOR_US_INDUSTRIALS:OK|F_SECTOR_US_MATERIALS:OK|F_SECTOR_US_ENERGY:OK|F_SECTOR_US_TECH:OK|F_SECTOR_US_FINANCIALS:OK|F_SECTOR_US_COMMUNICATIONS:OK|F_SECTOR_US_HEALTHCARE:OK|F_SECTOR_US_CONSUMER_STAPLES:OK|F_SECTOR_US_UTILITIES:OK|F_RATE_US10Y:OK|F_RATE_US10Y_REAL:OK|F_CURVE_US_2Y10Y:OK|F_RATE_KR10Y:OK|F_CURR_USDKRW:OK|F_VOL_VIX:OK|F_CREDIT_US_HY_OAS:OK|F_CREDIT_US_IG_OAS:OK|F_INFL_US_BE10Y:OK|F_COMM_OIL_WTI:OK|F_COMM_GOLD_KR:OK,F_GROWTH_US_EQ:252|F_GROWTH_EXUS_EQ:252|F_SECTOR_US_CONSUMER_DISCRETIONARY:252|F_SECTOR_US_INDUSTRIALS:252|F_SECTOR_US_MATERIALS:252|F_SECTOR_US_ENERGY:252|F_SECTOR_US_TECH:252|F_SECTOR_US_FINANCIALS:252|F_SECTOR_US_COMMUNICATIONS:252|F_SECTOR_US_HEALTHCARE:252|F_SECTOR_US_CONSUMER_STAPLES:252|F_SECTOR_US_UTILITIES:252|F_RATE_US10Y:252|F_RATE_US10Y_REAL:252|F_CURVE_US_2Y10Y:252|F_RATE_KR10Y:252|F_CURR_USDKRW:252|F_VOL_VIX:252|F_CREDIT_US_HY_OAS:252|F_CREDIT_US_IG_OAS:252|F_INFL_US_BE10Y:252|F_COMM_OIL_WTI:252|F_COMM_GOLD_KR:252
449170,TIGER KOFR금리액티브(합성),OK,"ok_factors=5, skipped_factors=0",KRX:449170,2026-01-12,252,F_GROWTH_US_EQ|F_RATE_US10Y|F_CURR_USDKRW|F_CREDIT_US_IG_OAS|F_COMM_GOLD_KR,,F_GROWTH_US_EQ|F_GROWTH_EXUS_EQ|F_SECTOR_US_CONSUMER_DISCRETIONARY|F_SECTOR_US_INDUSTRIALS|F_SECTOR_US_MATERIALS|F_SECTOR_US_ENERGY|F_SECTOR_US_TECH|F_SECTOR_US_FINANCIALS|F_SECTOR_US_COMMUNICATIONS|F_SECTOR_US_HEALTHCARE|F_SECTOR_US_CONSUMER_STAPLES|F_SECTOR_US_UTILITIES|F_RATE_US10Y|F_RATE_US10Y_REAL|F_CURVE_US_2Y10Y|F_RATE_KR10Y|F_CURR_USDKRW|F_VOL_VIX|F_CREDIT_US_HY_OAS|F_CREDIT_US_IG_OAS|F_INFL_US_BE10Y|F_COMM_OIL_WTI|F_COMM_GOLD_KR,,,F_GROWTH_US_EQ:OK|F_GROWTH_EXUS_EQ:OK|F_SECTOR_US_CONSUMER_DISCRETIONARY:OK|F_SECTOR_US_INDUSTRIALS:OK|F_SECTOR_US_MATERIALS:OK|F_SECTOR_US_ENERGY:OK|F_SECTOR_US_TECH:OK|F_SECTOR_US_FINANCIALS:OK|F_SECTOR_US_COMMUNICATIONS:OK|F_SECTOR_US_HEALTHCARE:OK|F_SECTOR_US_CONSUMER_STAPLES:OK|F_SECTOR_US_UTILITIES:OK|F_RATE_US10Y:OK|F_RATE_US10Y_REAL:OK|F_CURVE_US_2Y10Y:OK|F_RATE_KR10Y:OK|F_CURR_USDKRW:OK|F_VOL_VIX:OK|F_CREDIT_US_HY_OAS:OK|F_CREDIT_US_IG_OAS:OK|F_INFL_US_BE10Y:OK|F_COMM_OIL_WTI:OK|F_COMM_GOLD_KR:OK,F_GROWTH_US_EQ:252|F_GROWTH_EXUS_EQ:252|F_SECTOR_US_CONSUMER_DISCRETIONARY:252|F_SECTOR_US_INDUSTRIALS:252|F_SECTOR_US_MATERIALS:252|F_SECTOR_US_ENERGY:252|F_SECTOR_US_TECH:252|F_SECTOR_US_FINANCIALS:252|F_SECTOR_US_COMMUNICATIONS:252|F_SECTOR_US_HEALTHCARE:252|F_SECTOR_US_CONSUMER_STAPLES:252|F_SECTOR_US_UTILITIES:252|F_RATE_US10Y:252|F_RATE_US10Y_REAL:252|F_CURVE_US_2Y10Y:252|F_RATE_KR10Y:252|F_CURR_USDKRW:252|F_VOL_VIX:252|F_CREDIT_US_HY_OAS:252|F_CREDIT_US_IG_OAS:252|F_INFL_US_BE10Y:252|F_COMM_OIL_WTI:252|F_COMM_GOLD_KR:252
449180,KODEX 미국S&P500(H),OK,"ok_factors=5, skipped_factors=0",KRX:449180,2026-01-12,252,F_GROWTH_US_EQ|F_RATE_US10Y|F_CURR_USDKRW|F_CREDIT_US_IG_OAS|F_COMM_GOLD_KR,,F_GROWTH_US_EQ|F_GROWTH_EXUS_EQ|F_SECTOR_US_CONSUMER_DISCRETIONARY|F_SECTOR_US_INDUSTRIALS|F_SECTOR_US_MATERIALS|F_SECTOR_US_ENERGY|F_SECTOR_US_TECH|F_SECTOR_US_FINANCIALS|F_SECTOR_US_COMMUNICATIONS|F_SECTOR_US_HEALTHCARE|F_SECTOR_US_CONSUMER_STAPLES|F_SECTOR_US_UTILITIES|F_RATE_US10Y|F_RATE_US10Y_REAL|F_CURVE_US_2Y10Y|F_RATE_KR10Y|F_CURR_USDKRW|F_VOL_VIX|F_CREDIT_US_HY_OAS|F_CREDIT_US_IG_OAS|F_INFL_US_BE10Y|F_COMM_OIL_WTI|F_COMM_GOLD_KR,,,F_GROWTH_US_EQ:OK|F_GROWTH_EXUS_EQ:OK|F_SECTOR_US_CONSUMER_DISCRETIONARY:OK|F_SECTOR_US_INDUSTRIALS:OK|F_SECTOR_US_MATERIALS:OK|F_SECTOR_US_ENERGY:OK|F_SECTOR_US_TECH:OK|F_SECTOR_US_FINANCIALS:OK|F_SECTOR_US_COMMUNICATIONS:OK|F_SECTOR_US_HEALTHCARE:OK|F_SECTOR_US_CONSUMER_STAPLES:OK|F_SECTOR_US_UTILITIES:OK|F_RATE_US10Y:OK|F_RATE_US10Y_REAL:OK|F_CURVE_US_2Y10Y:OK|F_RATE_KR10Y:OK|F_CURR_USDKRW:OK|F_VOL_VIX:OK|F_CREDIT_US_HY_OAS:OK|F_CREDIT_US_IG_OAS:OK|F_INFL_US_BE10Y:OK|F_COMM_OIL_WTI:OK|F_COMM_GOLD_KR:OK,F_GROWTH_US_EQ:252|F_GROWTH_EXUS_EQ:252|F_SECTOR_US_CONSUMER_DISCRETIONARY:252|F_SECTOR_US_INDUSTRIALS:252|F_SECTOR_US_MATERIALS:252|F_SECTOR_US_ENERGY:252|F_SECTOR_US_TECH:252|F_SECTOR_US_FINANCIALS:252|F_SECTOR_US_COMMUNICATIONS:252|F_SECTOR_US_HEALTHCARE:252|F_SECTOR_US_CONSUMER_STAPLES:252|F_SECTOR_US_UTILITIES:252|F_RATE_US10Y:252|F_RATE_US10Y_REAL:252|F_CURVE_US_2Y10Y:252|F_RATE_KR10Y:252|F_CURR_USDKRW:252|F_VOL_VIX:252|F_CREDIT_US_HY_OAS:252|F_CREDIT_US_IG_OAS:252|F_INFL_US_BE10Y:252|F_COMM_OIL_WTI:252|F_COMM_GOLD_KR:252
453630,KODEX 미국S&P500필수소비재,OK,"ok_factors=5, skipped_factors=0",KRX:453630,2026-01-12,252,F_GROWTH_US_EQ|F_RATE_US10Y|F_CURR_USDKRW|F_CREDIT_US_IG_OAS|F_COMM_GOLD_KR,,F_GROWTH_US_EQ|F_GROWTH_EXUS_EQ|F_SECTOR_US_CONSUMER_DISCRETIONARY|F_SECTOR_US_INDUSTRIALS|F_SECTOR_US_MATERIALS|F_SECTOR_US_ENERGY|F_SECTOR_US_TECH|F_SECTOR_US_FINANCIALS|F_SECTOR_US_COMMUNICATIONS|F_SECTOR_US_HEALTHCARE|F_SECTOR_US_CONSUMER_STAPLES|F_SECTOR_US_UTILITIES|F_RATE_US10Y|F_RATE_US10Y_REAL|F_CURVE_US_2Y10Y|F_RATE_KR10Y|F_CURR_USDKRW|F_VOL_VIX|F_CREDIT_US_HY_OAS|F_CREDIT_US_IG_OAS|F_INFL_US_BE10Y|F_COMM_OIL_WTI|F_COMM_GOLD_KR,,,F_GROWTH_US_EQ:OK|F_GROWTH_EXUS_EQ:OK|F_SECTOR_US_CONSUMER_DISCRETIONARY:OK|F_SECTOR_US_INDUSTRIALS:OK|F_SECTOR_US_MATERIALS:OK|F_SECTOR_US_ENERGY:OK|F_SECTOR_US_TECH:OK|F_SECTOR_US_FINANCIALS:OK|F_SECTOR_US_COMMUNICATIONS:OK|F_SECTOR_US_HEALTHCARE:OK|F_SECTOR_US_CONSUMER_STAPLES:OK|F_SECTOR_US_UTILITIES:OK|F_RATE_US10Y:OK|F_RATE_US10Y_REAL:OK|F_CURVE_US_2Y10Y:OK|F_RATE_KR10Y:OK|F_CURR_USDKRW:OK|F_VOL_VIX:OK|F_CREDIT_US_HY_OAS:OK|F_CREDIT_US_IG_OAS:OK|F_INFL_US_BE10Y:OK|F_COMM_OIL_WTI:OK|F_COMM_GOLD_KR:OK,F_GROWTH_US_EQ:252|F_GROWTH_EXUS_EQ:252|F_SECTOR_US_CONSUMER_DISCRETIONARY:252|F_SECTOR_US_INDUSTRIALS:252|F_SECTOR_US_MATERIALS:252|F_SECTOR_US_ENERGY:252|F_SECTOR_US_TECH:252|F_SECTOR_US_FINANCIALS:252|F_SECTOR_US_COMMUNICATIONS:252|F_SECTOR_US_HEALTHCARE:252|F_SECTOR_US_CONSUMER_STAPLES:252|F_SECTOR_US_UTILITIES:252|F_RATE_US10Y:252|F_RATE_US10Y_REAL:252|F_CURVE_US_2Y10Y:252|F_RATE_KR10Y:252|F_CURR_USDKRW:252|F_VOL_VIX:252|F_CREDIT_US_HY_OAS:252|F_CREDIT_US_IG_OAS:252|F_INFL_US_BE10Y:252|F_COMM_OIL_WTI:252|F_COMM_GOLD_KR:252
453640,KODEX 미국S&P500헬스케어,OK,"ok_factors=5, skipped_factors=0",KRX:453640,2026-01-12,252,F_GROWTH_US_EQ|F_RATE_US10Y|F_CURR_USDKRW|F_CREDIT_US_IG_OAS|F_COMM_GOLD_KR,,F_GROWTH_US_EQ|F_GROWTH_EXUS_EQ|F_SECTOR_US_CONSUMER_DISCRETIONARY|F_SECTOR_US_INDUSTRIALS|F_SECTOR_US_MATERIALS|F_SECTOR_US_ENERGY|F_SECTOR_US_TECH|F_SECTOR_US_FINANCIALS|F_SECTOR_US_COMMUNICATIONS|F_SECTOR_US_HEALTHCARE|F_SECTOR_US_CONSUMER_STAPLES|F_SECTOR_US_UTILITIES|F_RATE_US10Y|F_RATE_US10Y_REAL|F_CURVE_US_2Y10Y|F_RATE_KR10Y|F_CURR_USDKRW|F_VOL_VIX|F_CREDIT_US_HY_OAS|F_CREDIT_US_IG_OAS|F_INFL_US_BE10Y|F_COMM_OIL_WTI|F_COMM_GOLD_KR,,,F_GROWTH_US_EQ:OK|F_GROWTH_EXUS_EQ:OK|F_SECTOR_US_CONSUMER_DISCRETIONARY:OK|F_SECTOR_US_INDUSTRIALS:OK|F_SECTOR_US_MATERIALS:OK|F_SECTOR_US_ENERGY:OK|F_SECTOR_US_TECH:OK|F_SECTOR_US_FINANCIALS:OK|F_SECTOR_US_COMMUNICATIONS:OK|F_SECTOR_US_HEALTHCARE:OK|F_SECTOR_US_CONSUMER_STAPLES:OK|F_SECTOR_US_UTILITIES:OK|F_RATE_US10Y:OK|F_RATE_US10Y_REAL:OK|F_CURVE_US_2Y10Y:OK|F_RATE_KR10Y:OK|F_CURR_USDKRW:OK|F_VOL_VIX:OK|F_CREDIT_US_HY_OAS:OK|F_CREDIT_US_IG_OAS:OK|F_INFL_US_BE10Y:OK|F_COMM_OIL_WTI:OK|F_COMM_GOLD_KR:OK,F_GROWTH_US_EQ:252|F_GROWTH_EXUS_EQ:252|F_SECTOR_US_CONSUMER_DISCRETIONARY:252|F_SECTOR_US_INDUSTRIALS:252|F_SECTOR_US_MATERIALS:252|F_SECTOR_US_ENERGY:252|F_SECTOR_US_TECH:252|F_SECTOR_US_FINANCIALS:252|F_SECTOR_US_COMMUNICATIONS:252|F_SECTOR_US_HEALTHCARE:252|F_SECTOR_US_CONSUMER_STAPLES:252|F_SECTOR_US_UTILITIES:252|F_RATE_US10Y:252|F_RATE_US10Y_REAL:252|F_CURVE_US_2Y10Y:252|F_RATE_KR10Y:252|F_CURR_USDKRW:252|F_VOL_VIX:252|F_CREDIT_US_HY_OAS:252|F_CREDIT_US_IG_OAS:252|F_INFL_US_BE10Y:252|F_COMM_OIL_WTI:252|F_COMM_GOLD_KR:252
453650,KODEX 미국S&P500금융,OK,"ok_factors=5, skipped_factors=0",KRX:453650,2026-01-12,252,F_GROWTH_US_EQ|F_RATE_US10Y|F_CURR_USDKRW|F_CREDIT_US_IG_OAS|F_COMM_GOLD_KR,,F_GROWTH_US_EQ|F_GROWTH_EXUS_EQ|F_SECTOR_US_CONSUMER_DISCRETIONARY|F_SECTOR_US_INDUSTRIALS|F_SECTOR_US_MATERIALS|F_SECTOR_US_ENERGY|F_SECTOR_US_TECH|F_SECTOR_US_FINANCIALS|F_SECTOR_US_COMMUNICATIONS|F_SECTOR_US_HEALTHCARE|F_SECTOR_US_CONSUMER_STAPLES|F_SECTOR_US_UTILITIES|F_RATE_US10Y|F_RATE_US10Y_REAL|F_CURVE_US_2Y10Y|F_RATE_KR10Y|F_CURR_USDKRW|F_VOL_VIX|F_CREDIT_US_HY_OAS|F_CREDIT_US_IG_OAS|F_INFL_US_BE10Y|F_COMM_OIL_WTI|F_COMM_GOLD_KR,,,F_GROWTH_US_EQ:OK|F_GROWTH_EXUS_EQ:OK|F_SECTOR_US_CONSUMER_DISCRETIONARY:OK|F_SECTOR_US_INDUSTRIALS:OK|F_SECTOR_US_MATERIALS:OK|F_SECTOR_US_ENERGY:OK|F_SECTOR_US_TECH:OK|F_SECTOR_US_FINANCIALS:OK|F_SECTOR_US_COMMUNICATIONS:OK|F_SECTOR_US_HEALTHCARE:OK|F_SECTOR_US_CONSUMER_STAPLES:OK|F_SECTOR_US_UTILITIES:OK|F_RATE_US10Y:OK|F_RATE_US10Y_REAL:OK|F_CURVE_US_2Y10Y:OK|F_RATE_KR10Y:OK|F_CURR_USDKRW:OK|F_VOL_VIX:OK|F_CREDIT_US_HY_OAS:OK|F_CREDIT_US_IG_OAS:OK|F_INFL_US_BE10Y:OK|F_COMM_OIL_WTI:OK|F_COMM_GOLD_KR:OK,F_GROWTH_US_EQ:252|F_GROWTH_EXUS_EQ:252|F_SECTOR_US_CONSUMER_DISCRETIONARY:252|F_SECTOR_US_INDUSTRIALS:252|F_SECTOR_US_MATERIALS:252|F_SECTOR_US_ENERGY:252|F_SECTOR_US_TECH:252|F_SECTOR_US_FINANCIALS:252|F_SECTOR_US_COMMUNICATIONS:252|F_SECTOR_US_HEALTHCARE:252|F_SECTOR_US_CONSUMER_STAPLES:252|F_SECTOR_US_UTILITIES:252|F_RATE_US10Y:252|F_RATE_US10Y_REAL:252|F_CURVE_US_2Y10Y:252|F_RATE_KR10Y:252|F_CURR_USDKRW:252|F_VOL_VIX:252|F_CREDIT_US_HY_OAS:252|F_CREDIT_US_IG_OAS:252|F_INFL_US_BE10Y:252|F_COMM_OIL_WTI:252|F_COMM_GOLD_KR:252
453660,KODEX 미국S&P500경기소비재,OK,"ok_factors=5, skipped_factors=0",KRX:453660,2026-01-12,252,F_GROWTH_US_EQ|F_RATE_US10Y|F_CURR_USDKRW|F_CREDIT_US_IG_OAS|F_COMM_GOLD_KR,,F_GROWTH_US_EQ|F_GROWTH_EXUS_EQ|F_SECTOR_US_CONSUMER_DISCRETIONARY|F_SECTOR_US_INDUSTRIALS|F_SECTOR_US_MATERIALS|F_SECTOR_US_ENERGY|F_SECTOR_US_TECH|F_SECTOR_US_FINANCIALS|F_SECTOR_US_COMMUNICATIONS|F_SECTOR_US_HEALTHCARE|F_SECTOR_US_CONSUMER_STAPLES|F_SECTOR_US_UTILITIES|F_RATE_US10Y|F_RATE_US10Y_REAL|F_CURVE_US_2Y10Y|F_RATE_KR10Y|F_CURR_USDKRW|F_VOL_VIX|F_CREDIT_US_HY_OAS|F_CREDIT_US_IG_OAS|F_INFL_US_BE10Y|F_COMM_OIL_WTI|F_COMM_GOLD_KR,,,F_GROWTH_US_EQ:OK|F_GROWTH_EXUS_EQ:OK|F_SECTOR_US_CONSUMER_DISCRETIONARY:OK|F_SECTOR_US_INDUSTRIALS:OK|F_SECTOR_US_MATERIALS:OK|F_SECTOR_US_ENERGY:OK|F_SECTOR_US_TECH:OK|F_SECTOR_US_FINANCIALS:OK|F_SECTOR_US_COMMUNICATIONS:OK|F_SECTOR_US_HEALTHCARE:OK|F_SECTOR_US_CONSUMER_STAPLES:OK|F_SECTOR_US_UTILITIES:OK|F_RATE_US10Y:OK|F_RATE_US10Y_REAL:OK|F_CURVE_US_2Y10Y:OK|F_RATE_KR10Y:OK|F_CURR_USDKRW:OK|F_VOL_VIX:OK|F_CREDIT_US_HY_OAS:OK|F_CREDIT_US_IG_OAS:OK|F_INFL_US_BE10Y:OK|F_COMM_OIL_WTI:OK|F_COMM_GOLD_KR:OK,F_GROWTH_US_EQ:252|F_GROWTH_EXUS_EQ:252|F_SECTOR_US_CONSUMER_DISCRETIONARY:252|F_SECTOR_US_INDUSTRIALS:252|F_SECTOR_US_MATERIALS:252|F_SECTOR_US_ENERGY:252|F_SECTOR_US_TECH:252|F_SECTOR_US_FINANCIALS:252|F_SECTOR_US_COMMUNICATIONS:252|F_SECTOR_US_HEALTHCARE:252|F_SECTOR_US_CONSUMER_STAPLES:252|F_SECTOR_US_UTILITIES:252|F_RATE_US10Y:252|F_RATE_US10Y_REAL:252|F_CURVE_US_2Y10Y:252|F_RATE_KR10Y:252|F_CURR_USDKRW:252|F_VOL_VIX:252|F_CREDIT_US_HY_OAS:252|F_CREDIT_US_IG_OAS:252|F_INFL_US_BE10Y:252|F_COMM_OIL_WTI:252|F_COMM_GOLD_KR:252
453810,KODEX 인도Nifty50,OK,"ok_factors=5, skipped_factors=0",KRX:453810,2026-01-12,252,F_GROWTH_US_EQ|F_RATE_US10Y|F_CURR_USDKRW|F_CREDIT_US_IG_OAS|F_COMM_GOLD_KR,,F_GROWTH_US_EQ|F_GROWTH_EXUS_EQ|F_SECTOR_US_CONSUMER_DISCRETIONARY|F_SECTOR_US_INDUSTRIALS|F_SECTOR_US_MATERIALS|F_SECTOR_US_ENERGY|F_SECTOR_US_TECH|F_SECTOR_US_FINANCIALS|F_SECTOR_US_COMMUNICATIONS|F_SECTOR_US_HEALTHCARE|F_SECTOR_US_CONSUMER_STAPLES|F_SECTOR_US_UTILITIES|F_RATE_US10Y|F_RATE_US10Y_REAL|F_CURVE_US_2Y10Y|F_RATE_KR10Y|F_CURR_USDKRW|F_VOL_VIX|F_CREDIT_US_HY_OAS|F_CREDIT_US_IG_OAS|F_INFL_US_BE10Y|F_COMM_OIL_WTI|F_COMM_GOLD_KR,,,F_GROWTH_US_EQ:OK|F_GROWTH_EXUS_EQ:OK|F_SECTOR_US_CONSUMER_DISCRETIONARY:OK|F_SECTOR_US_INDUSTRIALS:OK|F_SECTOR_US_MATERIALS:OK|F_SECTOR_US_ENERGY:OK|F_SECTOR_US_TECH:OK|F_SECTOR_US_FINANCIALS:OK|F_SECTOR_US_COMMUNICATIONS:OK|F_SECTOR_US_HEALTHCARE:OK|F_SECTOR_US_CONSUMER_STAPLES:OK|F_SECTOR_US_UTILITIES:OK|F_RATE_US10Y:OK|F_RATE_US10Y_REAL:OK|F_CURVE_US_2Y10Y:OK|F_RATE_KR10Y:OK|F_CURR_USDKRW:OK|F_VOL_VIX:OK|F_CREDIT_US_HY_OAS:OK|F_CREDIT_US_IG_OAS:OK|F_INFL_US_BE10Y:OK|F_COMM_OIL_WTI:OK|F_COMM_GOLD_KR:OK,F_GROWTH_US_EQ:252|F_GROWTH_EXUS_EQ:252|F_SECTOR_US_CONSUMER_DISCRETIONARY:252|F_SECTOR_US_INDUSTRIALS:252|F_SECTOR_US_MATERIALS:252|F_SECTOR_US_ENERGY:252|F_SECTOR_US_TECH:252|F_SECTOR_US_FINANCIALS:252|F_SECTOR_US_COMMUNICATIONS:252|F_SECTOR_US_HEALTHCARE:252|F_SECTOR_US_CONSUMER_STAPLES:252|F_SECTOR_US_UTILITIES:252|F_RATE_US10Y:252|F_RATE_US10Y_REAL:252|F_CURVE_US_2Y10Y:252|F_RATE_KR10Y:252|F_CURR_USDKRW:252|F_VOL_VIX:252|F_CREDIT_US_HY_OAS:252|F_CREDIT_US_IG_OAS:252|F_INFL_US_BE10Y:252|F_COMM_OIL_WTI:252|F_COMM_GOLD_KR:252
456880,ACE 미국달러SOFR금리(합성),OK,"ok_factors=5, skipped_factors=0",KRX:456880,2026-01-12,252,F_GROWTH_US_EQ|F_RATE_US10Y|F_CURR_USDKRW|F_CREDIT_US_IG_OAS|F_COMM_GOLD_KR,,F_GROWTH_US_EQ|F_GROWTH_EXUS_EQ|F_SECTOR_US_CONSUMER_DISCRETIONARY|F_SECTOR_US_INDUSTRIALS|F_SECTOR_US_MATERIALS|F_SECTOR_US_ENERGY|F_SECTOR_US_TECH|F_SECTOR_US_FINANCIALS|F_SECTOR_US_COMMUNICATIONS|F_SECTOR_US_HEALTHCARE|F_SECTOR_US_CONSUMER_STAPLES|F_SECTOR_US_UTILITIES|F_RATE_US10Y|F_RATE_US10Y_REAL|F_CURVE_US_2Y10Y|F_RATE_KR10Y|F_CURR_USDKRW|F_VOL_VIX|F_CREDIT_US_HY_OAS|F_CREDIT_US_IG_OAS|F_INFL_US_BE10Y|F_COMM_OIL_WTI|F_COMM_GOLD_KR,,,F_GROWTH_US_EQ:OK|F_GROWTH_EXUS_EQ:OK|F_SECTOR_US_CONSUMER_DISCRETIONARY:OK|F_SECTOR_US_INDUSTRIALS:OK|F_SECTOR_US_MATERIALS:OK|F_SECTOR_US_ENERGY:OK|F_SECTOR_US_TECH:OK|F_SECTOR_US_FINANCIALS:OK|F_SECTOR_US_COMMUNICATIONS:OK|F_SECTOR_US_HEALTHCARE:OK|F_SECTOR_US_CONSUMER_STAPLES:OK|F_SECTOR_US_UTILITIES:OK|F_RATE_US10Y:OK|F_RATE_US10Y_REAL:OK|F_CURVE_US_2Y10Y:OK|F_RATE_KR10Y:OK|F_CURR_USDKRW:OK|F_VOL_VIX:OK|F_CREDIT_US_HY_OAS:OK|F_CREDIT_US_IG_OAS:OK|F_INFL_US_BE10Y:OK|F_COMM_OIL_WTI:OK|F_COMM_GOLD_KR:OK,F_GROWTH_US_EQ:252|F_GROWTH_EXUS_EQ:252|F_SECTOR_US_CONSUMER_DISCRETIONARY:252|F_SECTOR_US_INDUSTRIALS:252|F_SECTOR_US_MATERIALS:252|F_SECTOR_US_ENERGY:252|F_SECTOR_US_TECH:252|F_SECTOR_US_FINANCIALS:252|F_SECTOR_US_COMMUNICATIONS:252|F_SECTOR_US_HEALTHCARE:252|F_SECTOR_US_CONSUMER_STAPLES:252|F_SECTOR_US_UTILITIES:252|F_RATE_US10Y:252|F_RATE_US10Y_REAL:252|F_CURVE_US_2Y10Y:252|F_RATE_KR10Y:252|F_CURR_USDKRW:252|F_VOL_VIX:252|F_CREDIT_US_HY_OAS:252|F_CREDIT_US_IG_OAS:252|F_INFL_US_BE10Y:252|F_COMM_OIL_WTI:252|F_COMM_GOLD_KR:252
458260,TIGER 미국투자등급회사채(H),OK,"ok_factors=5, skipped_factors=0",KRX:458260,2026-01-12,252,F_GROWTH_US_EQ|F_RATE_US10Y|F_CURR_USDKRW|F_CREDIT_US_IG_OAS|F_COMM_GOLD_KR,,F_GROWTH_US_EQ|F_GROWTH_EXUS_EQ|F_SECTOR_US_CONSUMER_DISCRETIONARY|F_SECTOR_US_INDUSTRIALS|F_SECTOR_US_MATERIALS|F_SECTOR_US_ENERGY|F_SECTOR_US_TECH|F_SECTOR_US_FINANCIALS|F_SECTOR_US_COMMUNICATIONS|F_SECTOR_US_HEALTHCARE|F_SECTOR_US_CONSUMER_STAPLES|F_SECTOR_US_UTILITIES|F_RATE_US10Y|F_RATE_US10Y_REAL|F_CURVE_US_2Y10Y|F_RATE_KR10Y|F_CURR_USDKRW|F_VOL_VIX|F_CREDIT_US_HY_OAS|F_CREDIT_US_IG_OAS|F_INFL_US_BE10Y|F_COMM_OIL_WTI|F_COMM_GOLD_KR,,,F_GROWTH_US_EQ:OK|F_GROWTH_EXUS_EQ:OK|F_SECTOR_US_CONSUMER_DISCRETIONARY:OK|F_SECTOR_US_INDUSTRIALS:OK|F_SECTOR_US_MATERIALS:OK|F_SECTOR_US_ENERGY:OK|F_SECTOR_US_TECH:OK|F_SECTOR_US_FINANCIALS:OK|F_SECTOR_US_COMMUNICATIONS:OK|F_SECTOR_US_HEALTHCARE:OK|F_SECTOR_US_CONSUMER_STAPLES:OK|F_SECTOR_US_UTILITIES:OK|F_RATE_US10Y:OK|F_RATE_US10Y_REAL:OK|F_CURVE_US_2Y10Y:OK|F_RATE_KR10Y:OK|F_CURR_USDKRW:OK|F_VOL_VIX:OK|F_CREDIT_US_HY_OAS:OK|F_CREDIT_US_IG_OAS:OK|F_INFL_US_BE10Y:OK|F_COMM_OIL_WTI:OK|F_COMM_GOLD_KR:OK,F_GROWTH_US_EQ:252|F_GROWTH_EXUS_EQ:252|F_SECTOR_US_CONSUMER_DISCRETIONARY:252|F_SECTOR_US_INDUSTRIALS:252|F_SECTOR_US_MATERIALS:252|F_SECTOR_US_ENERGY:252|F_SECTOR_US_TECH:252|F_SECTOR_US_FINANCIALS:252|F_SECTOR_US_COMMUNICATIONS:252|F_SECTOR_US_HEALTHCARE:252|F_SECTOR_US_CONSUMER_STAPLES:252|F_SECTOR_US_UTILITIES:252|F_RATE_US10Y:252|F_RATE_US10Y_REAL:252|F_CURVE_US_2Y10Y:252|F_RATE_KR10Y:252|F_CURR_USDKRW:252|F_VOL_VIX:252|F_CREDIT_US_HY_OAS:252|F_CREDIT_US_IG_OAS:252|F_INFL_US_BE10Y:252|F_COMM_OIL_WTI:252|F_COMM_GOLD_KR:252
463640,KODEX 미국S&P500유틸리티,OK,"ok_factors=5, skipped_factors=0",KRX:463640,2026-01-12,252,F_GROWTH_US_EQ|F_RATE_US10Y|F_CURR_USDKRW|F_CREDIT_US_IG_OAS|F_COMM_GOLD_KR,,F_GROWTH_US_EQ|F_GROWTH_EXUS_EQ|F_SECTOR_US_CONSUMER_DISCRETIONARY|F_SECTOR_US_INDUSTRIALS|F_SECTOR_US_MATERIALS|F_SECTOR_US_ENERGY|F_SECTOR_US_TECH|F_SECTOR_US_FINANCIALS|F_SECTOR_US_COMMUNICATIONS|F_SECTOR_US_HEALTHCARE|F_SECTOR_US_CONSUMER_STAPLES|F_SECTOR_US_UTILITIES|F_RATE_US10Y|F_RATE_US10Y_REAL|F_CURVE_US_2Y10Y|F_RATE_KR10Y|F_CURR_USDKRW|F_VOL_VIX|F_CREDIT_US_HY_OAS|F_CREDIT_US_IG_OAS|F_INFL_US_BE10Y|F_COMM_OIL_WTI|F_COMM_GOLD_KR,,,F_GROWTH_US_EQ:OK|F_GROWTH_EXUS_EQ:OK|F_SECTOR_US_CONSUMER_DISCRETIONARY:OK|F_SECTOR_US_INDUSTRIALS:OK|F_SECTOR_US_MATERIALS:OK|F_SECTOR_US_ENERGY:OK|F_SECTOR_US_TECH:OK|F_SECTOR_US_FINANCIALS:OK|F_SECTOR_US_COMMUNICATIONS:OK|F_SECTOR_US_HEALTHCARE:OK|F_SECTOR_US_CONSUMER_STAPLES:OK|F_SECTOR_US_UTILITIES:OK|F_RATE_US10Y:OK|F_RATE_US10Y_REAL:OK|F_CURVE_US_2Y10Y:OK|F_RATE_KR10Y:OK|F_CURR_USDKRW:OK|F_VOL_VIX:OK|F_CREDIT_US_HY_OAS:OK|F_CREDIT_US_IG_OAS:OK|F_INFL_US_BE10Y:OK|F_COMM_OIL_WTI:OK|F_COMM_GOLD_KR:OK,F_GROWTH_US_EQ:252|F_GROWTH_EXUS_EQ:252|F_SECTOR_US_CONSUMER_DISCRETIONARY:252|F_SECTOR_US_INDUSTRIALS:252|F_SECTOR_US_MATERIALS:252|F_SECTOR_US_ENERGY:252|F_SECTOR_US_TECH:252|F_SECTOR_US_FINANCIALS:252|F_SECTOR_US_COMMUNICATIONS:252|F_SECTOR_US_HEALTHCARE:252|F_SECTOR_US_CONSUMER_STAPLES:252|F_SECTOR_US_UTILITIES:252|F_RATE_US10Y:252|F_RATE_US10Y_REAL:252|F_CURVE_US_2Y10Y:252|F_RATE_KR10Y:252|F_CURR_USDKRW:252|F_VOL_VIX:252|F_CREDIT_US_HY_OAS:252|F_CREDIT_US_IG_OAS:252|F_INFL_US_BE10Y:252|F_COMM_OIL_WTI:252|F_COMM_GOLD_KR:252
463680,KODEX 미국S&P500테크놀로지,OK,"ok_factors=5, skipped_factors=0",KRX:463680,2026-01-12,252,F_GROWTH_US_EQ|F_RATE_US10Y|F_CURR_USDKRW|F_CREDIT_US_IG_OAS|F_COMM_GOLD_KR,,F_GROWTH_US_EQ|F_GROWTH_EXUS_EQ|F_SECTOR_US_CONSUMER_DISCRETIONARY|F_SECTOR_US_INDUSTRIALS|F_SECTOR_US_MATERIALS|F_SECTOR_US_ENERGY|F_SECTOR_US_TECH|F_SECTOR_US_FINANCIALS|F_SECTOR_US_COMMUNICATIONS|F_SECTOR_US_HEALTHCARE|F_SECTOR_US_CONSUMER_STAPLES|F_SECTOR_US_UTILITIES|F_RATE_US10Y|F_RATE_US10Y_REAL|F_CURVE_US_2Y10Y|F_RATE_KR10Y|F_CURR_USDKRW|F_VOL_VIX|F_CREDIT_US_HY_OAS|F_CREDIT_US_IG_OAS|F_INFL_US_BE10Y|F_COMM_OIL_WTI|F_COMM_GOLD_KR,,,F_GROWTH_US_EQ:OK|F_GROWTH_EXUS_EQ:OK|F_SECTOR_US_CONSUMER_DISCRETIONARY:OK|F_SECTOR_US_INDUSTRIALS:OK|F_SECTOR_US_MATERIALS:OK|F_SECTOR_US_ENERGY:OK|F_SECTOR_US_TECH:OK|F_SECTOR_US_FINANCIALS:OK|F_SECTOR_US_COMMUNICATIONS:OK|F_SECTOR_US_HEALTHCARE:OK|F_SECTOR_US_CONSUMER_STAPLES:OK|F_SECTOR_US_UTILITIES:OK|F_RATE_US10Y:OK|F_RATE_US10Y_REAL:OK|F_CURVE_US_2Y10Y:OK|F_RATE_KR10Y:OK|F_CURR_USDKRW:OK|F_VOL_VIX:OK|F_CREDIT_US_HY_OAS:OK|F_CREDIT_US_IG_OAS:OK|F_INFL_US_BE10Y:OK|F_COMM_OIL_WTI:OK|F_COMM_GOLD_KR:OK,F_GROWTH_US_EQ:252|F_GROWTH_EXUS_EQ:252|F_SECTOR_US_CONSUMER_DISCRETIONARY:252|F_SECTOR_US_INDUSTRIALS:252|F_SECTOR_US_MATERIALS:252|F_SECTOR_US_ENERGY:252|F_SECTOR_US_TECH:252|F_SECTOR_US_FINANCIALS:252|F_SECTOR_US_COMMUNICATIONS:252|F_SECTOR_US_HEALTHCARE:252|F_SECTOR_US_CONSUMER_STAPLES:252|F_SECTOR_US_UTILITIES:252|F_RATE_US10Y:252|F_RATE_US10Y_REAL:252|F_CURVE_US_2Y10Y:252|F_RATE_KR10Y:252|F_CURR_USDKRW:252|F_VOL_VIX:252|F_CREDIT_US_HY_OAS:252|F_CREDIT_US_IG_OAS:252|F_INFL_US_BE10Y:252|F_COMM_OIL_WTI:252|F_COMM_GOLD_KR:252
463690,KODEX 미국S&P500통신서비스,OK,"ok_factors=5, skipped_factors=0",KRX:463690,2026-01-12,252,F_GROWTH_US_EQ|F_RATE_US10Y|F_CURR_USDKRW|F_CREDIT_US_IG_OAS|F_COMM_GOLD_KR,,F_GROWTH_US_EQ|F_GROWTH_EXUS_EQ|F_SECTOR_US_CONSUMER_DISCRETIONARY|F_SECTOR_US_INDUSTRIALS|F_SECTOR_US_MATERIALS|F_SECTOR_US_ENERGY|F_SECTOR_US_TECH|F_SECTOR_US_FINANCIALS|F_SECTOR_US_COMMUNICATIONS|F_SECTOR_US_HEALTHCARE|F_SECTOR_US_CONSUMER_STAPLES|F_SECTOR_US_UTILITIES|F_RATE_US10Y|F_RATE_US10Y_REAL|F_CURVE_US_2Y10Y|F_RATE_KR10Y|F_CURR_USDKRW|F_VOL_VIX|F_CREDIT_US_HY_OAS|F_CREDIT_US_IG_OAS|F_INFL_US_BE10Y|F_COMM_OIL_WTI|F_COMM_GOLD_KR,,,F_GROWTH_US_EQ:OK|F_GROWTH_EXUS_EQ:OK|F_SECTOR_US_CONSUMER_DISCRETIONARY:OK|F_SECTOR_US_INDUSTRIALS:OK|F_SECTOR_US_MATERIALS:OK|F_SECTOR_US_ENERGY:OK|F_SECTOR_US_TECH:OK|F_SECTOR_US_FINANCIALS:OK|F_SECTOR_US_COMMUNICATIONS:OK|F_SECTOR_US_HEALTHCARE:OK|F_SECTOR_US_CONSUMER_STAPLES:OK|F_SECTOR_US_UTILITIES:OK|F_RATE_US10Y:OK|F_RATE_US10Y_REAL:OK|F_CURVE_US_2Y10Y:OK|F_RATE_KR10Y:OK|F_CURR_USDKRW:OK|F_VOL_VIX:OK|F_CREDIT_US_HY_OAS:OK|F_CREDIT_US_IG_OAS:OK|F_INFL_US_BE10Y:OK|F_COMM_OIL_WTI:OK|F_COMM_GOLD_KR:OK,F_GROWTH_US_EQ:252|F_GROWTH_EXUS_EQ:252|F_SECTOR_US_CONSUMER_DISCRETIONARY:252|F_SECTOR_US_INDUSTRIALS:252|F_SECTOR_US_MATERIALS:252|F_SECTOR_US_ENERGY:252|F_SECTOR_US_TECH:252|F_SECTOR_US_FINANCIALS:252|F_SECTOR_US_COMMUNICATIONS:252|F_SECTOR_US_HEALTHCARE:252|F_SECTOR_US_CONSUMER_STAPLES:252|F_SECTOR_US_UTILITIES:252|F_RATE_US10Y:252|F_RATE_US10Y_REAL:252|F_CURVE_US_2Y10Y:252|F_RATE_KR10Y:252|F_CURR_USDKRW:252|F_VOL_VIX:252|F_CREDIT_US_HY_OAS:252|F_CREDIT_US_IG_OAS:252|F_INFL_US_BE10Y:252|F_COMM_OIL_WTI:252|F_COMM_GOLD_KR:252
468380,KODEX iShares미국하이일드액티브,OK,"ok_factors=5, skipped_factors=0",KRX:468380,2026-01-12,252,F_GROWTH_US_EQ|F_RATE_US10Y|F_CURR_USDKRW|F_CREDIT_US_IG_OAS|F_COMM_GOLD_KR,,F_GROWTH_US_EQ|F_GROWTH_EXUS_EQ|F_SECTOR_US_CONSUMER_DISCRETIONARY|F_SECTOR_US_INDUSTRIALS|F_SECTOR_US_MATERIALS|F_SECTOR_US_ENERGY|F_SECTOR_US_TECH|F_SECTOR_US_FINANCIALS|F_SECTOR_US_COMMUNICATIONS|F_SECTOR_US_HEALTHCARE|F_SECTOR_US_CONSUMER_STAPLES|F_SECTOR_US_UTILITIES|F_RATE_US10Y|F_RATE_US10Y_REAL|F_CURVE_US_2Y10Y|F_RATE_KR10Y|F_CURR_USDKRW|F_VOL_VIX|F_CREDIT_US_HY_OAS|F_CREDIT_US_IG_OAS|F_INFL_US_BE10Y|F_COMM_OIL_WTI|F_COMM_GOLD_KR,,,F_GROWTH_US_EQ:OK|F_GROWTH_EXUS_EQ:OK|F_SECTOR_US_CONSUMER_DISCRETIONARY:OK|F_SECTOR_US_INDUSTRIALS:OK|F_SECTOR_US_MATERIALS:OK|F_SECTOR_US_ENERGY:OK|F_SECTOR_US_TECH:OK|F_SECTOR_US_FINANCIALS:OK|F_SECTOR_US_COMMUNICATIONS:OK|F_SECTOR_US_HEALTHCARE:OK|F_SECTOR_US_CONSUMER_STAPLES:OK|F_SECTOR_US_UTILITIES:OK|F_RATE_US10Y:OK|F_RATE_US10Y_REAL:OK|F_CURVE_US_2Y10Y:OK|F_RATE_KR10Y:OK|F_CURR_USDKRW:OK|F_VOL_VIX:OK|F_CREDIT_US_HY_OAS:OK|F_CREDIT_US_IG_OAS:OK|F_INFL_US_BE10Y:OK|F_COMM_OIL_WTI:OK|F_COMM_GOLD_KR:OK,F_GROWTH_US_EQ:252|F_GROWTH_EXUS_EQ:252|F_SECTOR_US_CONSUMER_DISCRETIONARY:252|F_SECTOR_US_INDUSTRIALS:252|F_SECTOR_US_MATERIALS:252|F_SECTOR_US_ENERGY:252|F_SECTOR_US_TECH:252|F_SECTOR_US_FINANCIALS:252|F_SECTOR_US_COMMUNICATIONS:252|F_SECTOR_US_HEALTHCARE:252|F_SECTOR_US_CONSUMER_STAPLES:252|F_SECTOR_US_UTILITIES:252|F_RATE_US10Y:252|F_RATE_US10Y_REAL:252|F_CURVE_US_2Y10Y:252|F_RATE_KR10Y:252|F_CURR_USDKRW:252|F_VOL_VIX:252|F_CREDIT_US_HY_OAS:252|F_CREDIT_US_IG_OAS:252|F_INFL_US_BE10Y:252|F_COMM_OIL_WTI:252|F_COMM_GOLD_KR:252
473330,SOL 미국30년국채커버드콜(합성),OK,"ok_factors=5, skipped_factors=0",KRX:473330,2026-01-12,252,F_GROWTH_US_EQ|F_RATE_US10Y|F_CURR_USDKRW|F_CREDIT_US_IG_OAS|F_COMM_GOLD_KR,,F_GROWTH_US_EQ|F_GROWTH_EXUS_EQ|F_SECTOR_US_CONSUMER_DISCRETIONARY|F_SECTOR_US_INDUSTRIALS|F_SECTOR_US_MATERIALS|F_SECTOR_US_ENERGY|F_SECTOR_US_TECH|F_SECTOR_US_FINANCIALS|F_SECTOR_US_COMMUNICATIONS|F_SECTOR_US_HEALTHCARE|F_SECTOR_US_CONSUMER_STAPLES|F_SECTOR_US_UTILITIES|F_RATE_US10Y|F_RATE_US10Y_REAL|F_CURVE_US_2Y10Y|F_RATE_KR10Y|F_CURR_USDKRW|F_VOL_VIX|F_CREDIT_US_HY_OAS|F_CREDIT_US_IG_OAS|F_INFL_US_BE10Y|F_COMM_OIL_WTI|F_COMM_GOLD_KR,,,F_GROWTH_US_EQ:OK|F_GROWTH_EXUS_EQ:OK|F_SECTOR_US_CONSUMER_DISCRETIONARY:OK|F_SECTOR_US_INDUSTRIALS:OK|F_SECTOR_US_MATERIALS:OK|F_SECTOR_US_ENERGY:OK|F_SECTOR_US_TECH:OK|F_SECTOR_US_FINANCIALS:OK|F_SECTOR_US_COMMUNICATIONS:OK|F_SECTOR_US_HEALTHCARE:OK|F_SECTOR_US_CONSUMER_STAPLES:OK|F_SECTOR_US_UTILITIES:OK|F_RATE_US10Y:OK|F_RATE_US10Y_REAL:OK|F_CURVE_US_2Y10Y:OK|F_RATE_KR10Y:OK|F_CURR_USDKRW:OK|F_VOL_VIX:OK|F_CREDIT_US_HY_OAS:OK|F_CREDIT_US_IG_OAS:OK|F_INFL_US_BE10Y:OK|F_COMM_OIL_WTI:OK|F_COMM_GOLD_KR:OK,F_GROWTH_US_EQ:252|F_GROWTH_EXUS_EQ:252|F_SECTOR_US_CONSUMER_DISCRETIONARY:252|F_SECTOR_US_INDUSTRIALS:252|F_SECTOR_US_MATERIALS:252|F_SECTOR_US_ENERGY:252|F_SECTOR_US_TECH:252|F_SECTOR_US_FINANCIALS:252|F_SECTOR_US_COMMUNICATIONS:252|F_SECTOR_US_HEALTHCARE:252|F_SECTOR_US_CONSUMER_STAPLES:252|F_SECTOR_US_UTILITIES:252|F_RATE_US10Y:252|F_RATE_US10Y_REAL:252|F_CURVE_US_2Y10Y:252|F_RATE_KR10Y:252|F_CURR_USDKRW:252|F_VOL_VIX:252|F_CREDIT_US_HY_OAS:252|F_CREDIT_US_IG_OAS:252|F_INFL_US_BE10Y:252|F_COMM_OIL_WTI:252|F_COMM_GOLD_KR:252
476750,ACE 미국30년국채엔화노출액티브(H),OK,"ok_factors=5, skipped_factors=0",KRX:476750,2026-01-12,252,F_GROWTH_US_EQ|F_RATE_US10Y|F_CURR_USDKRW|F_CREDIT_US_IG_OAS|F_COMM_GOLD_KR,,F_GROWTH_US_EQ|F_GROWTH_EXUS_EQ|F_SECTOR_US_CONSUMER_DISCRETIONARY|F_SECTOR_US_INDUSTRIALS|F_SECTOR_US_MATERIALS|F_SECTOR_US_ENERGY|F_SECTOR_US_TECH|F_SECTOR_US_FINANCIALS|F_SECTOR_US_COMMUNICATIONS|F_SECTOR_US_HEALTHCARE|F_SECTOR_US_CONSUMER_STAPLES|F_SECTOR_US_UTILITIES|F_RATE_US10Y|F_RATE_US10Y_REAL|F_CURVE_US_2Y10Y|F_RATE_KR10Y|F_CURR_USDKRW|F_VOL_VIX|F_CREDIT_US_HY_OAS|F_CREDIT_US_IG_OAS|F_INFL_US_BE10Y|F_COMM_OIL_WTI|F_COMM_GOLD_KR,,,F_GROWTH_US_EQ:OK|F_GROWTH_EXUS_EQ:OK|F_SECTOR_US_CONSUMER_DISCRETIONARY:OK|F_SECTOR_US_INDUSTRIALS:OK|F_SECTOR_US_MATERIALS:OK|F_SECTOR_US_ENERGY:OK|F_SECTOR_US_TECH:OK|F_SECTOR_US_FINANCIALS:OK|F_SECTOR_US_COMMUNICATIONS:OK|F_SECTOR_US_HEALTHCARE:OK|F_SECTOR_US_CONSUMER_STAPLES:OK|F_SECTOR_US_UTILITIES:OK|F_RATE_US10Y:OK|F_RATE_US10Y_REAL:OK|F_CURVE_US_2Y10Y:OK|F_RATE_KR10Y:OK|F_CURR_USDKRW:OK|F_VOL_VIX:OK|F_CREDIT_US_HY_OAS:OK|F_CREDIT_US_IG_OAS:OK|F_INFL_US_BE10Y:OK|F_COMM_OIL_WTI:OK|F_COMM_GOLD_KR:OK,F_GROWTH_US_EQ:252|F_GROWTH_EXUS_EQ:252|F_SECTOR_US_CONSUMER_DISCRETIONARY:252|F_SECTOR_US_INDUSTRIALS:252|F_SECTOR_US_MATERIALS:252|F_SECTOR_US_ENERGY:252|F_SECTOR_US_TECH:252|F_SECTOR_US_FINANCIALS:252|F_SECTOR_US_COMMUNICATIONS:252|F_SECTOR_US_HEALTHCARE:252|F_SECTOR_US_CONSUMER_STAPLES:252|F_SECTOR_US_UTILITIES:252|F_RATE_US10Y:252|F_RATE_US10Y_REAL:252|F_CURVE_US_2Y10Y:252|F_RATE_KR10Y:252|F_CURR_USDKRW:252|F_VOL_VIX:252|F_CREDIT_US_HY_OAS:252|F_CREDIT_US_IG_OAS:252|F_INFL_US_BE10Y:252|F_COMM_OIL_WTI:252|F_COMM_GOLD_KR:252
482730,TIGER S&P500+10%프리미엄초단기,OK,"ok_factors=5, skipped_factors=0",KRX:482730,2026-01-12,252,F_GROWTH_US_EQ|F_RATE_US10Y|F_CURR_USDKRW|F_CREDIT_US_IG_OAS|F_COMM_GOLD_KR,,F_GROWTH_US_EQ|F_GROWTH_EXUS_EQ|F_SECTOR_US_CONSUMER_DISCRETIONARY|F_SECTOR_US_INDUSTRIALS|F_SECTOR_US_MATERIALS|F_SECTOR_US_ENERGY|F_SECTOR_US_TECH|F_SECTOR_US_FINANCIALS|F_SECTOR_US_COMMUNICATIONS|F_SECTOR_US_HEALTHCARE|F_SECTOR_US_CONSUMER_STAPLES|F_SECTOR_US_UTILITIES|F_RATE_US10Y|F_RATE_US10Y_REAL|F_CURVE_US_2Y10Y|F_RATE_KR10Y|F_CURR_USDKRW|F_VOL_VIX|F_CREDIT_US_HY_OAS|F_CREDIT_US_IG_OAS|F_INFL_US_BE10Y|F_COMM_OIL_WTI|F_COMM_GOLD_KR,,,F_GROWTH_US_EQ:OK|F_GROWTH_EXUS_EQ:OK|F_SECTOR_US_CONSUMER_DISCRETIONARY:OK|F_SECTOR_US_INDUSTRIALS:OK|F_SECTOR_US_MATERIALS:OK|F_SECTOR_US_ENERGY:OK|F_SECTOR_US_TECH:OK|F_SECTOR_US_FINANCIALS:OK|F_SECTOR_US_COMMUNICATIONS:OK|F_SECTOR_US_HEALTHCARE:OK|F_SECTOR_US_CONSUMER_STAPLES:OK|F_SECTOR_US_UTILITIES:OK|F_RATE_US10Y:OK|F_RATE_US10Y_REAL:OK|F_CURVE_US_2Y10Y:OK|F_RATE_KR10Y:OK|F_CURR_USDKRW:OK|F_VOL_VIX:OK|F_CREDIT_US_HY_OAS:OK|F_CREDIT_US_IG_OAS:OK|F_INFL_US_BE10Y:OK|F_COMM_OIL_WTI:OK|F_COMM_GOLD_KR:OK,F_GROWTH_US_EQ:252|F_GROWTH_EXUS_EQ:252|F_SECTOR_US_CONSUMER_DISCRETIONARY:252|F_SECTOR_US_INDUSTRIALS:252|F_SECTOR_US_MATERIALS:252|F_SECTOR_US_ENERGY:252|F_SECTOR_US_TECH:252|F_SECTOR_US_FINANCIALS:252|F_SECTOR_US_COMMUNICATIONS:252|F_SECTOR_US_HEALTHCARE:252|F_SECTOR_US_CONSUMER_STAPLES:252|F_SECTOR_US_UTILITIES:252|F_RATE_US10Y:252|F_RATE_US10Y_REAL:252|F_CURVE_US_2Y10Y:252|F_RATE_KR10Y:252|F_CURR_USDKRW:252|F_VOL_VIX:252|F_CREDIT_US_HY_OAS:252|F_CREDIT_US_IG_OAS:252|F_INFL_US_BE10Y:252|F_COMM_OIL_WTI:252|F_COMM_GOLD_KR:252
CASH,예수금,SKIP,cash,,,0,,,,,,,
Q500077,신한 인버스0.5X S&P500 VIX S/T선물 ETN,OK,"ok_factors=5, skipped_factors=0",KRX:500077,2026-01-12,252,F_GROWTH_US_EQ|F_RATE_US10Y|F_CURR_USDKRW|F_CREDIT_US_IG_OAS|F_COMM_GOLD_KR,,F_GROWTH_US_EQ|F_GROWTH_EXUS_EQ|F_SECTOR_US_CONSUMER_DISCRETIONARY|F_SECTOR_US_INDUSTRIALS|F_SECTOR_US_MATERIALS|F_SECTOR_US_ENERGY|F_SECTOR_US_TECH|F_SECTOR_US_FINANCIALS|F_SECTOR_US_COMMUNICATIONS|F_SECTOR_US_HEALTHCARE|F_SECTOR_US_CONSUMER_STAPLES|F_SECTOR_US_UTILITIES|F_RATE_US10Y|F_RATE_US10Y_REAL|F_CURVE_US_2Y10Y|F_RATE_KR10Y|F_CURR_USDKRW|F_VOL_VIX|F_CREDIT_US_HY_OAS|F_CREDIT_US_IG_OAS|F_INFL_US_BE10Y|F_COMM_OIL_WTI|F_COMM_GOLD_KR,,,F_GROWTH_US_EQ:OK|F_GROWTH_EXUS_EQ:OK|F_SECTOR_US_CONSUMER_DISCRETIONARY:OK|F_SECTOR_US_INDUSTRIALS:OK|F_SECTOR_US_MATERIALS:OK|F_SECTOR_US_ENERGY:OK|F_SECTOR_US_TECH:OK|F_SECTOR_US_FINANCIALS:OK|F_SECTOR_US_COMMUNICATIONS:OK|F_SECTOR_US_HEALTHCARE:OK|F_SECTOR_US_CONSUMER_STAPLES:OK|F_SECTOR_US_UTILITIES:OK|F_RATE_US10Y:OK|F_RATE_US10Y_REAL:OK|F_CURVE_US_2Y10Y:OK|F_RATE_KR10Y:OK|F_CURR_USDKRW:OK|F_VOL_VIX:OK|F_CREDIT_US_HY_OAS:OK|F_CREDIT_US_IG_OAS:OK|F_INFL_US_BE10Y:OK|F_COMM_OIL_WTI:OK|F_COMM_GOLD_KR:OK,F_GROWTH_US_EQ:252|F_GROWTH_EXUS_EQ:252|F_SECTOR_US_CONSUMER_DISCRETIONARY:252|F_SECTOR_US_INDUSTRIALS:252|F_SECTOR_US_MATERIALS:252|F_SECTOR_US_ENERGY:252|F_SECTOR_US_TECH:252|F_SECTOR_US_FINANCIALS:252|F_SECTOR_US_COMMUNICATIONS:252|F_SECTOR_US_HEALTHCARE:252|F_SECTOR_US_CONSUMER_STAPLES:252|F_SECTOR_US_UTILITIES:252|F_RATE_US10Y:252|F_RATE_US10Y_REAL:252|F_CURVE_US_2Y10Y:252|F_RATE_KR10Y:252|F_CURR_USDKRW:252|F_VOL_VIX:252|F_CREDIT_US_HY_OAS:252|F_CREDIT_US_IG_OAS:252|F_INFL_US_BE10Y:252|F_COMM_OIL_WTI:252|F_COMM_GOLD_KR:252
Q500078,신한 S&P 유로 선물 ETN(H),OK,"ok_factors=5, skipped_factors=0",KRX:500078,2026-01-12,252,F_GROWTH_US_EQ|F_RATE_US10Y|F_CURR_USDKRW|F_CREDIT_US_IG_OAS|F_COMM_GOLD_KR,,F_GROWTH_US_EQ|F_GROWTH_EXUS_EQ|F_SECTOR_US_CONSUMER_DISCRETIONARY|F_SECTOR_US_INDUSTRIALS|F_SECTOR_US_MATERIALS|F_SECTOR_US_ENERGY|F_SECTOR_US_TECH|F_SECTOR_US_FINANCIALS|F_SECTOR_US_COMMUNICATIONS|F_SECTOR_US_HEALTHCARE|F_SECTOR_US_CONSUMER_STAPLES|F_SECTOR_US_UTILITIES|F_RATE_US10Y|F_RATE_US10Y_REAL|F_CURVE_US_2Y10Y|F_RATE_KR10Y|F_CURR_USDKRW|F_VOL_VIX|F_CREDIT_US_HY_OAS|F_CREDIT_US_IG_OAS|F_INFL_US_BE10Y|F_COMM_OIL_WTI|F_COMM_GOLD_KR,,,F_GROWTH_US_EQ:OK|F_GROWTH_EXUS_EQ:OK|F_SECTOR_US_CONSUMER_DISCRETIONARY:OK|F_SECTOR_US_INDUSTRIALS:OK|F_SECTOR_US_MATERIALS:OK|F_SECTOR_US_ENERGY:OK|F_SECTOR_US_TECH:OK|F_SECTOR_US_FINANCIALS:OK|F_SECTOR_US_COMMUNICATIONS:OK|F_SECTOR_US_HEALTHCARE:OK|F_SECTOR_US_CONSUMER_STAPLES:OK|F_SECTOR_US_UTILITIES:OK|F_RATE_US10Y:OK|F_RATE_US10Y_REAL:OK|F_CURVE_US_2Y10Y:OK|F_RATE_KR10Y:OK|F_CURR_USDKRW:OK|F_VOL_VIX:OK|F_CREDIT_US_HY_OAS:OK|F_CREDIT_US_IG_OAS:OK|F_INFL_US_BE10Y:OK|F_COMM_OIL_WTI:OK|F_COMM_GOLD_KR:OK,F_GROWTH_US_EQ:252|F_GROWTH_EXUS_EQ:252|F_SECTOR_US_CONSUMER_DISCRETIONARY:252|F_SECTOR_US_INDUSTRIALS:252|F_SECTOR_US_MATERIALS:252|F_SECTOR_US_ENERGY:252|F_SECTOR_US_TECH:252|F_SECTOR_US_FINANCIALS:252|F_SECTOR_US_COMMUNICATIONS:252|F_SECTOR_US_HEALTHCARE:252|F_SECTOR_US_CONSUMER_STAPLES:252|F_SECTOR_US_UTILITIES:252|F_RATE_US10Y:252|F_RATE_US10Y_REAL:252|F_CURVE_US_2Y10Y:252|F_RATE_KR10Y:252|F_CURR_USDKRW:252|F_VOL_VIX:252|F_CREDIT_US_HY_OAS:252|F_CREDIT_US_IG_OAS:252|F_INFL_US_BE10Y:252|F_COMM_OIL_WTI:252|F_COMM_GOLD_KR:252
Q530130,삼성 S&P500 VIX S/T 선물 ETN B,OK,"ok_factors=5, skipped_factors=0",KRX:530130,2026-01-12,216,F_GROWTH_US_EQ|F_RATE_US10Y|F_CURR_USDKRW|F_CREDIT_US_IG_OAS|F_COMM_GOLD_KR,,F_GROWTH_US_EQ|F_GROWTH_EXUS_EQ|F_SECTOR_US_CONSUMER_DISCRETIONARY|F_SECTOR_US_INDUSTRIALS|F_SECTOR_US_MATERIALS|F_SECTOR_US_ENERGY|F_SECTOR_US_TECH|F_SECTOR_US_FINANCIALS|F_SECTOR_US_COMMUNICATIONS|F_SECTOR_US_HEALTHCARE|F_SECTOR_US_CONSUMER_STAPLES|F_SECTOR_US_UTILITIES|F_RATE_US10Y|F_RATE_US10Y_REAL|F_CURVE_US_2Y10Y|F_RATE_KR10Y|F_CURR_USDKRW|F_VOL_VIX|F_CREDIT_US_HY_OAS|F_CREDIT_US_IG_OAS|F_INFL_US_BE10Y|F_COMM_OIL_WTI|F_COMM_GOLD_KR,,,F_GROWTH_US_EQ:OK|F_GROWTH_EXUS_EQ:OK|F_SECTOR_US_CONSUMER_DISCRETIONARY:OK|F_SECTOR_US_INDUSTRIALS:OK|F_SECTOR_US_MATERIALS:OK|F_SECTOR_US_ENERGY:OK|F_SECTOR_US_TECH:OK|F_SECTOR_US_FINANCIALS:OK|F_SECTOR_US_COMMUNICATIONS:OK|F_SECTOR_US_HEALTHCARE:OK|F_SECTOR_US_CONSUMER_STAPLES:OK|F_SECTOR_US_UTILITIES:OK|F_RATE_US10Y:OK|F_RATE_US10Y_REAL:OK|F_CURVE_US_2Y10Y:OK|F_RATE_KR10Y:OK|F_CURR_USDKRW:OK|F_VOL_VIX:OK|F_CREDIT_US_HY_OAS:OK|F_CREDIT_US_IG_OAS:OK|F_INFL_US_BE10Y:OK|F_COMM_OIL_WTI:OK|F_COMM_GOLD_KR:OK,F_GROWTH_US_EQ:220|F_GROWTH_EXUS_EQ:220|F_SECTOR_US_CONSUMER_DISCRETIONARY:220|F_SECTOR_US_INDUSTRIALS:220|F_SECTOR_US_MATERIALS:220|F_SECTOR_US_ENERGY:220|F_SECTOR_US_TECH:220|F_SECTOR_US_FINANCIALS:220|F_SECTOR_US_COMMUNICATIONS:220|F_SECTOR_US_HEALTHCARE:220|F_SECTOR_US_CONSUMER_STAPLES:220|F_SECTOR_US_UTILITIES:220|F_RATE_US10Y:217|F_RATE_US10Y_REAL:217|F_CURVE_US_2Y10Y:215|F_RATE_KR10Y:227|F_CURR_USDKRW:226|F_VOL_VIX:225|F_CREDIT_US_HY_OAS:224|F_CREDIT_US_IG_OAS:224|F_INFL_US_BE10Y:218|F_COMM_OIL_WTI:216|F_COMM_GOLD_KR:227
